,Name,Character Names
0,Godfather,"{""Lou - Sollozzo's Driver"", ""Luca Brasi's Assassin"", 'G.I.', 'Willi Cicci', 'Crowd', ""Sonny's Bodyguard"", 'Michael Francis Rizzi', 'Luca Brasi', 'Sollozzo', 'Extra in Wedding Scene', 'Don Victor Stracci', 'Pallbearer', 'Anthony Vito Corleone', 'Usher in Bridal Party', 'Clemenza', 'Vitelli - Sicilian Sequence', 'Jack Woltz', 'Connie', 'Rocco Lampone', 'Don Vito Corleone', 'Floral Designer', 'Capt. McCluskey', 'Sandra Corleone', 'Enzo the Baker', 'Moe Greene', 'Fruit Vendor', 'Boy at Wedding', ""Tom Hagen's Son"", 'Elena - Matron', 'Tom Hagen', 'Cuneo', 'Calo - Sicilian Sequence', 'Carlo', 'Boy on Street Who Attended Funeral', 'Sonny Corleone', 'Drunk', 'Mama Corleone', ""Cowboy on the Set at Woltz's Studio"", 'Mobster at Funeral with Barzini', 'Cop Outside Hospital', 'Nazorine', 'Night Nurse', 'Don Tommasino - Sicilian Sequence', 'Fredo', 'Street Extra', 'Lucy Mancini', 'Neri', 'Philip Tattaglia', 'Don Zaluchi', 'Baptism Observer', 'Bruno Tattaglia', 'Bonasera', 'Piano Player in Montage', 'Barzini', ""Sonny's Killer #1"", 'Michael Corleone', 'Wedding Party Guest', 'Theresa Hagen', 'Paulie Gatto', ""Clemenza's Son"", 'Policeman', 'Tony - Stablehand', 'Corleone Family Member', 'Extra in Hospital Scene', 'Kay Adams', 'Tessio', 'Fabrizio - Sicilian Sequence', 'Extra in Furniture-Moving Scene', 'Narrator of Theatrical Trailer', 'Johnny Fontane', 'Singer', 'Wedding Guest', 'Priest at Baptism', 'Apollonia - Sicilian Sequence', 'Mrs. Clemenza', 'Dancer in Wedding Scene', 'Toll Both Collector'}"
1,Shawshank Redemption,"{""Andy Dufresne's Wife"", 'Laundry Bob', 'Fat Ass', 'Floyd', 'Ballin Mundson', '1954 Food-Way Manager', 'Captain Hadley', 'Guard Trout', 'Bogs Diamond', 'Bank Teller', 'Hungry Fish Con', 'Duty Guard', 'Bank Manager', 'Head Bull Haig', 'Police Officer', 'Convict', 'Warden Norton', 'Heywood', 'Yard Inmate', 'Brooks Hatlen', '1957 Parole Hearings Man', '1946 D.A.', 'Ned Grimes', 'Andy Dufresne', 'Old Man on Bus', 'Traffic', 'Fresh Fish Con', 'Laundry Truck Driver', 'New Fish Guard', 'Laundry Leonard', 'Man Missing Guard', 'Tyrell', '1967 Parole Hearings Man', '1946 Judge', 'Projectionist', '1967 Food-Way Manager', 'Ernie', 'Snooze', 'Guard Dekins', 'Guard Wiley', 'Moresby Batter', '1954 Landlady', 'Mail Caller', 'Guard Mert', 'Gilda Mundson Farrell', '1947 Parole Hearings Man', 'Bugle Editor', 'New Fish Con', 'Hole Guard', 'Pete', 'Elderly Hole Guard', 'Inmate II', ""Ellis Boyd 'Red' Redding"", 'Tommy', 'Elmo Blatch', '1957 Parole Hearings Guard', 'Jigger', '1954 Food-Way Woman', 'Glenn Quentin', 'Con', 'Bullhorn Tower Guard', 'Inmate', 'Guard Youngblood', 'Skeet', '1966 D.A.', 'Rooster', ""Robin - Andy's Waitress""}"
2,Schindler's List,"{'Majola', 'Gestapo Clerk Klaus Tauber', 'Wilhelm Kunde', 'Black Marketeer', 'Amon Goeth', 'Ghetto Man', 'Diana Reiter', ""Goeth's Girl"", 'Clerk at Depot', 'Dieter Reeder', 'Depot Master', 'Itzhak Stern', 'Josef Liepold', 'Pankiewicz', 'Gestapo', 'Bosch', 'Mrs. Nussbaum', 'Rolf Czurda', 'Clara Sternberg', 'Border Guard', ""Nightclub Maitre d'"", 'Poldek Pfefferberg', 'Old Jewish Woman', 'Julius Madritsch', 'SS Waffen Man', 'Club Singer', 'Albert Hujar', 'Ingrid', 'Brinnlitz Priest', 'SS Waffen Officer', 'Prisoner at Depot', 'Mr. Nussbaum', 'Ghetto Old Man', 'Dolek Horowitz', ""Toffel's Secretary"", 'Plaszow Jewish Girl', 'Young Worker', 'Dancer', 'SS Guard Zablocie', 'Oskar Schindler', 'SS Sgt. Kunder', 'Montelupich Prisoner', 'Mila Pfefferberg', 'Wilek Chilowicz', 'Lisiek', 'Garage Mechanic', 'Chaim Nowak', 'Young Woman', 'Leo Rosner', 'Herman Toffel', 'Rabbi Menasha Levartov', 'Dr. Josef Mengele', 'SS NCO Zablocie', ""Czurda's Girl"", 'Polish Girl', 'SS NCO - Ghetto', 'Investigator', 'Henry Rosner', 'Helen Hirsch', 'Man in Pharmacy', 'Chaja Dresner', 'DEF SS Officer', 'DEF Guard', 'Red Genia', 'Gestapo Brinnlitz', ""Scherner's Secretary"", 'Nuisa Horowitz', 'Juda Dresner', 'Grun', 'Leo John', 'Chicken Boy', 'Rudolph Hoss', 'Investor', 'Russian Officer', 'Engineer Man', 'Rebecca Tannenbaum', 'Woman', 'Emilie Schindler', 'Frantic Woman', 'Boy', 'Irrational Woman', 'DEF Foreman', 'Brinnlitz Guard', 'Manci Rosner', 'Mordecai Wulkan', 'Josef Bau', 'Ghetto Doctor', 'Little Jewish Boy', 'SS Bureaucrat', 'Ukrainian Guard', 'Waiter', 'Regina Perlman', 'Brinnlitz Man', 'Treblinka Commandant', 'Danka Dresner', 'German Clerk', 'Plaszow Depot SS Guard', 'NCO Plaszow', 'Mr. Löwenstein', 'Plaszow SS Guard', ""Czurda's Secretary"", 'Ghetto Woman', 'Doorman', 'Self - Schindler Mourner', 'Marcel Goldberg', 'Wiktoria Klonowska', 'Jewish Boy', 'Mietek Pemper', 'Brinnlitz Girl', 'Stable Boy', 'Dr. Blancke', 'Montelupich Colonel', 'Auschwitz Guard', 'O.D.', 'Maria Mischel', 'Worker in Factory', 'Ghetto Girl', 'Julian Scherner', 'German Girl'}"
3,Raging Bull,"{'Heckler in Bar', 'Charlie - Man with Como', 'Sailor at Ballroom', 'Girl #1', 'Musician #1', ""J.R.'s Friend"", 'Underage I.D. Girl', 'Soda Fountain Clerk #2', 'Ring Announcer - First Robinson Fight', 'Cornerman #1 - Cerdan Fight', 'Ricky', 'Referee - Third Robinson Fight', 'Boxing Fan', 'Musician #2', ""Emma - Miss 48's"", 'Webster Hall Bouncer', 'Bartender Carlo', 'Soda Fountain Clerk', 'Woman with Vickie - Cerdan Fight', 'Eddie Eagan', 'Ring Announcer - Second Robinson Fight and Dauthuille Fight', 'Audie Murphy', 'Irma', 'Woman in Cab', 'Ring Announcer - Janiro Fight', 'Arresting Deputy #2', 'Reporter', 'Vickie La Motta', 'Man at Webster Hall Table', 'Salvy', 'Girl #2', ""Reporter at Jake's House"", 'Ring announcer - Third Robinson Fight', 'Lenore', ""Dauthuille's Trainer - Dauthuille Fight"", 'Prison Guard #2', 'Bouncer at Copa', 'Trainer - First Robinson Fight', 'Referee - Second Robinson Fight', 'Mall Patron', 'Monsignor', 'State Attorney Bronson', 'Ring Announcer - Cerdan Fight', 'Prison Guard #1', 'Dancer', 'Marcel Cerdan - Cerdan Fight', 'Comedian', 'Photographer', 'Heckler - Fox Fight', 'Tommy Como', 'Referee - Cerdan Fight', 'Johnny', 'Guido', 'Party Dancer', 'Joey', 'Patsy', 'Referee - Reeves Fight', 'Bar Hand', 'Patron at Nightclub', 'Toppy', 'Self - Third Robinson Fight Announcer', 'Sugar Ray Robinson - First Robinson Fight', 'Detroit Promoter', 'New Yorker', 'Woman with I.D. Girl', 'Dauthuille Corner Man - Dauthuille Fight', 'Jackie Curtie', 'Ring Announcer - Reeves Fight', 'Police officer', 'Dr. Pinto', 'Referee - Dauthuille Fight', 'Restaurant Doorman', 'Self - Radio Announcer for Dauthuille Fight', ""Jake's Daughter"", 'Reporter at Phone Booth - Dauthuille Fight', 'Tony Janiro - Janiro Fight', 'Fighting Soldier - Reeves Fight', 'Mario', 'Referee - Fox Fight', 'Barbizon Stagehand', 'Linda', 'Jeweler', 'Man Outside Cab', 'Ring Announcer - Fox Fight', 'Billy Fox - Fox Fight', 'Mrs. Bronson', 'Laurent Dauthuille - Dauthuille Fight', ""Maitre 'D"", 'Jimmy Reeves - Reeves Fight', 'Cornerman #2 - Cerdan Fight', 'Referee - Janiro Fight', 'Jake La Motta', 'Referee - First Robinson Fight', 'Janet', 'Bodyguard', 'Boxing Match Spectator', 'Copa Waiter', 'Cornerman', 'J.R.', 'Arresting Deputy #1', 'Joe Louis - Cerdan Fight', 'Man at Table #1', 'Musician #3', 'Beansy'}"
4,Casablanca,"{'Arab Vendor', 'Berger', ""Gambler at Rick's"", 'Pickpocketed Prosperous Man', 'Overseer', 'Bartender', 'Conspirator', 'Prosperous Tourist', 'Singer with Guitar', 'Police Officer', 'Sascha', 'Wife of Pickpocketed Englishman', 'Emile - Waiter', ""Emil - Croupier at Rick's"", ""Bouncer at Rick's"", 'Orderly', 'Muezzini', ""Oriental at Rick's"", 'Man Turning Propeller at Airport', 'Merchant', 'News Vendor', 'Singing Frenchman', ""Mrs. Leuchtag - Carl's Immigrating Friend"", 'Abdul', 'French Police Officer', 'Major Heinrich Strasser', 'Woman Selling Her Diamonds', 'Gendarme', ""Baccarat Player at Rick's"", ""Refugee at Rick's"", 'Rick Blaine', ""Guest at Rick's"", 'Bar Patron', 'Arab', 'French Soldier', 'Woman Companion', ""Englishman Questioning Casino's Honesty"", 'Elderly Admirer', 'American', 'Woman on Street', 'Native Introducing Ferrari', 'Englishwoman', ""Dealer at Rick's"", 'Man on Street', 'Signor Ferrari', 'Annina Brandel', ""Second Contact Man at Rick's"", 'Native Officer', 'German Banker Refused by Rick', 'Fydor', 'Arab Guest with Fez', ""Paul - Waiter at Rick's"", 'Sam', 'Man with Expired Papers', ""Cashier at Rick's"", 'Victor Laszlo', 'Gambler', 'Captain Louis Renault', 'Commuter at Train Station', 'Ugarte', 'Customer', 'Haggling Arab Monkey Seller', 'Concierge', 'Pickpocketed Englishman', 'Carl', 'Frenchman', 'Dutch Banker at Cafe Table', ""Patron at Rick's Cafe"", ""Col. Heinz - Strasser's Aide"", ""Waiter at Rick's"", 'Moroccan', 'German Officer with Yvonne', ""Rick's Friend"", 'Pickpocket', 'Lt. Casselle', 'Mr. Leuchtag', 'Policeman', ""Baccarat Dealer at Rick's"", 'Officer', 'Moor Buying Diamonds', 'Waiter', 'Yvonne', 'Croupier', 'Moroccan Boy', 'German Officer', 'Jan Brandel', 'Woman Customer', 'French Officer Insulting Yvonne', 'Narrator', 'Singer', 'Waiter at the Blue Parrot', 'Italian Officer Tonelli', 'Vendor', 'Ilsa Lund', ""Headwaiter at Rick's"", 'Refugee'}"
5,Citizen Kane,"{'Man Singing at Inquirer Party', 'Jedediah Leland', 'Newsreel Man', 'Raymond', 'Orchestra Leader', ""Drummer on 'It Can't Be Love' at Beach Party"", 'Joseph', 'Man on Roof', 'Nurse on Hospital Roof', 'Portuguese Laborer', 'Woman in Front of Chronicle Building', 'Fish Driver', 'Reporter at Boat Deck', 'Newspaper Man', 'Reporter at Xanadu', 'Senate Investigator', ""Pianist in 'El Rancho'"", 'Reporter', 'Train Passenger', 'Dancing Girl', 'Butler', 'Walter Parks Thatcher', 'Man in Inquirer City Room', 'Opera Spectator', 'Opera Singer', 'Nurse', 'Flotsam', 'Civic Leader', 'Jetsam', 'Woman in Loggia Scene', 'Mr. Bernstein', 'Best Man at Wedding', 'Gino', 'General in News on the March', 'Adolf Hitler', 'Newspaperman at Trenton Town Hall', ""Susan's Maid"", 'Person in Front of Chronicle Building', 'Stage Manager', 'Newsman', 'Matiste', 'Neville Chamberlain', 'Maid in Xanadu Hall', 'Ms. Townsend', 'Dancer', 'Gorilla Man', 'Newspaperman', 'Emily Monroe Norton Kane', 'Man at Xanadu Great Hall', 'Guest', 'Newswoman', 'Photographer', 'Hermann Goring', 'Man in Newsreel', 'Extra', 'Smather', 'Kane - Age Eight', 'Mr. Rawlston', 'Man at Madison Square Garden', 'Jennings', 'Woman at Boat Dock', 'Man at Opera', ""Leland's Nurse"", 'Copy Boy', 'Inquirer Reporter', 'Passerby', 'Entertainer', 'Newsboy', 'Speaker', 'Miss Anderson', 'City Editor', 'Man in Senate Investigating Committee', 'Screening Room Reporter', 'Shadowgraph Man', 'French Maid', 'Car-Driver', 'Interviewer in 1935 Newsreel', 'Boss Printer', 'Susan Alexander Kane', 'Politician', 'Man on Hospital Roof', 'Dr. Corey', 'Man at Party in Everglades', 'Stagehand', 'Man at Boat Dock', 'Herbert Carter', 'Big Governess', 'Druggist', 'Chorus Master', 'The Headwaiter', 'Servant', 'Ethel', ""Singer performing 'It Can't Be Love' at Beach Party"", 'Secretary', 'City Room Employee', 'Man', 'Expressman', 'Reporter at Wedding', 'Jerry Thompson', 'Prompter', 'Georgia', 'Man in Projection Room', 'Woman at Boat Deck', 'Waiter at Inquirer Party', 'James W. Gettys', 'Solly', 'Kane III', 'Mary Kane', 'Hillman', 'Ward Heeler', 'Teddy Roosevelt', 'Wedding Guest', 'Hireling', 'Woman at Opera', 'Pipe-smoking Reporter', 'Woman in Projection Room', 'Kane', ""Kane's Father"", 'House Maid', 'Copy Boy Delivering Message in Chicago Hotel Room'}"
6,Gone with  Wind,"{'Scarlett - Their Daughter', 'Returning Veteran', 'Beau Wilkes', 'Yankee Soldier in Shantytown', 'Bartender', 'Boy in Band', 'Housemaid at Twelve Oaks', 'Jewel Collector at Bazaar', 'Dr. Meade', 'Bandleader', 'Yankee Major', 'Maybelle Merriwether', 'Bonnie Blue Butler - Age 2', 'Mrs. Merriwether', 'Atlanta Citizen', 'Elijah', 'Renegade', 'Pork - House Servant', ""Stuart Tarleton - Scarlett's Beau"", 'Minor Role', 'A Carpetbagger Businessman', 'Johnny Gallagher', 'Tom - Yankee Captain', 'Dancer at Altanta Ball', 'Charles Hamilton - Her Brother', 'Commanding Officer During Evacuation', 'Prissy - House Servant', 'Fanny Elsing', 'Girl at Bazaar', 'Soldier', 'Wounded Card Player', 'Southern Dandy', 'Jonas Wilkerson - Field Overseer', ""Thomas Mitchell's white horse"", 'Corporal', ""Tom's Aide"", 'Prison Gang Overseer', 'Youngest Boy in Band', 'John Wilkes', 'Big Sam - Field Foreman', 'Uncle Peter - Her Coachman', 'Drummerboy', 'Townsperson', 'Frank Kennedy - A Guest', 'Dancer - Atlanta Bazaar', 'Cade Calvert', 'Guest at Twelve Oaks Party', 'Carreen - Their Daughter', ""Melanie's Baby"", 'Wounded Soldier in Pain', 'Guest at Twelve Oaks', 'Sergeant at Hospital', ""Bonnie's Nurse in London"", 'Dying Soldier', 'Mounted Officer', 'Yankee on Street', 'Gentleman', 'Man with Stove Pipe Hat in Charge of Convict Workers', 'Carpetbagger Orator', 'Wounded Soldier', 'Rene Picard', 'Suellen - Their Daughter', 'Girl', 'Bearded Confederate on Steps of Tara', 'Emmy Slattery', 'Mammy - House Servant', ""Carpetbagger's Friend"", 'Gentleman at Twelve Oaks Barbecue', 'Undetermined Minor Role', 'Old Levi', 'Hospital Nurse', 'Ellen - His Wife', 'Collapsing Soldier', 'Bonnie Blue Butler', 'Mrs. Meade', 'Bonnie at Six Months', 'Cancan Girl', 'Bonnie Blue Butler as Newborn', 'Yankee Deserter', ""Bandleader's Wife"", 'Lumber Mill Convict', 'Tony Fontaine', ""General's Wife"", 'Minister', ""Brent Tarleton - Scarlett's Beau"", 'Cathleen Calvert', 'Hungry Soldier Holding Beau Wilkes', 'Soldier Aiding Dr. Meade', ""Frank Kennedy's Clerk"", 'Guest at Birthday Party', 'Melanie Hamilton - Their Cousin', 'Rhett Butler - Visitor from Charleston', 'Poker-Playing Captain', 'Phil Meade', 'Convalescent Soldier', 'Reminiscent Soldier', ""Belle's Girl"", 'Party Guest', 'India - His Daughter', ""Gerald O'Hara"", 'Belle Watling', 'Housemaid at Evening Prayers', 'Woman Writing Letter at Atlanta Church Hospital', 'Amputation Case', 'Girl in Blue Dress', 'Boy with Tears When Death Rolls Are Read', ""Aunt 'Pittypat' Hamilton"", 'Rafe Calvert', 'BBQ Guest', ""Melanie's Son"", ""Renegade's Companion"", 'Ashley - His Son', 'New Born Baby Boy'}"
7,One Flew Over  Cuckoo's Nest,"{'Harding', 'R.P. McMurphy', 'Doctor', 'Night Supervisor', 'Washington', 'Hap Arlich', 'Woolsey', 'Beans Garfield', 'Sefelt', 'Martini', 'Chief Bromden', 'Dr. Spivey', 'Actress on TV Screen', 'Ellsworth', 'Captain on Shore', 'Bancini', 'Miller', 'News Commentator', 'Security Guard', 'Nurse Pilbow', 'Ruckley', 'Billy Bibbit', 'Rose', 'Lady on Pier', 'Ellis', 'Fredrickson', 'Cheswick', 'Candy', 'Turkle', 'Woman in Crowd on Pier', 'Warren', 'Nurse Itsu', 'Scanlon', 'Nurse Ratched', 'Col. Matterson', 'Taber', 'Harbor Master'}"
8,Vertigo,"{'Policeman on Rooftop', 'Stenographer', 'Priest', 'Burglar', 'Waiter', 'Capt. Hansen', ""Waiter at Ernie's"", 'Mrs. Elster', 'Car Owner Mistaken for Madeleine', 'Inquest Attorney', 'Patron', 'Nun', ""Scottie's Doctor"", 'Judy Barton', 'Beautician', ""John 'Scottie' Ferguson"", 'Carlotta Valdes', ""Man Walking Past Elster's Office"", 'Older Mistaken Identity', 'Pop Leibel', 'Jury Foreman', ""Marjorie 'Midge' Wood"", 'Woman in Museum Mistaken for Madeleine', 'Madeleine Elster', 'Coroner', ""Elster's Gateman"", ""Matire d' at Ernie's"", ""Ransohoff's Saleslady"", ""Diner at Ernie's"", 'Escort', 'Gavin Elster', ""Woman at Ernie's Mistaken for Madeleine"", ""Ransohoff's Model"", 'Manager of McKittrick Hotel', 'Undetermined Role', 'Nurse', 'Saleswoman', ""Bartender at Ernie's"", 'Salesman', 'San Francisco Flower Vendor', 'Juror'}"
9,Psycho,"{'Marion Crane', 'Policeman on Steps', 'Church Member', 'Sam Loomis', 'Police Guard', 'County Sheriff', 'Man', 'Hardware Store Customer', 'Bob Summerfield', 'Passerby on Sidewalk', 'Sheriff Al Chambers', 'Mechanic', 'Policeman in Hallway Opening Door', 'California Charlie', 'Deputy District Attorney Alan Deats', 'Norman Bates', 'Caroline', 'Police Chief James Mitchell', 'Norma Bates', 'Extra', 'Tom Cassidy', 'Landlady', 'Lila Crane', 'Highway Patrol Officer', 'George Lowery', 'Man Outside Real Estate Office', 'Dr. Fred Richman', 'Mrs. Chambers', 'Det. Milton Arbogast'}"
10,Godfather Part II,"{'Don Tommasino', 'Fredo Corleone', 'Bartender', 'Willi Cicci', ""Pentangeli's Wife"", 'Vito Andolini - as a Boy', 'Crowd', 'Johnny Ola', 'Tony Rosato', ""Michael's Buttonman #3"", 'Cuban Nurse', 'F.B.I. Man #2', 'Minor Role', 'Vaudeville Dancer', 'Merle Johnson', 'Cuban Translator', 'Young Clemenza', 'Questadt', 'Waiter #1', ""Pentangeli's Brother"", 'Rocco Lampone', 'Vito Corleone', 'Don Francesco', 'Sandra Corleone', 'Deanna Corleone', 'Photographer in Court', 'Tom Hagen', 'Carlo', 'Senator #2', 'Hyman Roth', 'Passerby in Coat with Cap Pulled Down', 'Sonny Corleone', 'Fanucci', ""Michael's Bodyguard"", 'Guest', 'Mama Corleone', 'Customs Official', 'Extra', 'Carmine Rosato', 'Midwife', 'Impressario', 'Street Vendor', 'Gianna Hagen', 'Strollo', 'Man Who Greets Vito', 'Genco', ""Tenor in 'Senza Mamma'"", 'Man Guarding Hyman Roth', 'Michael', ""Michael's Buttonman #1"", ""Vito's Uncle"", 'Sonny Corleone - as a Boy', 'Extra in Little Italy', 'Frankie Pentangeli', ""Girl in 'Senza Mamma'"", 'Child on Ship', ""Vito's Mother"", 'Cuban Guerilla with Grenade', 'Anthony Corleone', 'Yolanda', 'Al Neri', 'Mosca', 'Attendant at Brothel', 'Theresa Hagen', 'Senator #1', 'Cuban President', 'Senate Committee Chairman', 'Klingman - Casino Owner', 'Young Mama Corleone', 'Policeman', 'Signor Abbandando', 'Young Hyman Roth', 'Mrs. Marcia Roth', ""Mama Corleone's Body"", 'Father Carmelo', 'Ellis Island Nurse', 'Connie Corleone', 'Sam Roth', 'Sen. Pat Geary', 'Senator #3', 'Ellis Island Doctor', 'Signora Colombo', 'F.B.I. Man #1', 'Tessio', 'Young Tessio', 'Senator with Mustache', ""Michael's Buttonman #2"", 'Governess', 'Senate Hearing Spectator', 'Fred Corngold', 'Sen. Ream', 'Victor Rizzi', 'Signor Roberto', 'Kay'}"
11,On the Waterfront,"{'Big Mac', 'Charley Malloy', 'Jimmy', 'Bit', 'Luke', 'Man', 'Gillette', 'Terry Malloy', 'Bit Part', 'Sidney', 'Truck', 'Jocko', 'Slim', 'Tillio', 'Girlfriend of a Longshoreman', 'Kayo Dugan', 'Dues Collector', 'Moose', 'Tommy Collins', 'Barney', 'Edie Doyle', ""'Pop' Doyle"", 'Father Barry', 'Mrs. Collins', 'Specs', 'Glover', 'Johnny Friendly', ""Johnny's Banker"", 'Cab Driver', 'Longshoreman', 'Mott'}"
12,Sunset Blvd,"{""Actor on DeMille's 'Samson & Delilah' Set"", 'Dancing Party Guest', 'Mac - Young Gate Guard at Paramount Studios', 'H. B. Warner', 'First Assistant Director', 'Doctor', 'Sidney Skolsky', 'Camera Operator', 'Gordon Cole', '1st Finance Man', 'Hairdresser', 'Prop Man #2', 'Camera Assistant', 'Rudy - Shoeshine Boy', 'Morino', 'Party Guest', 'Restaurant Patron', 'Sheldrake', 'Little Woman Outside Paramount Gate', 'Police Captain', 'Second Assistant Director', 'Betty Schaefer', 'Max Von Mayerling', 'Joe Gillis', 'Tailor', 'Homicide Captain', ""Salesman at Men's Shop"", 'Newsreel Cameraman', 'Paramount Studio Employee', 'Prop Man #1', 'Bernice', ""Sheldrake's Secretary"", 'Creighton Hale', 'Artie Green', 'Courtier', 'Assistant Coroner', 'Editor', 'Hisham', 'Hog-eye - Electrician', 'Cecil B. DeMille', ""Connie - Betty's Roommate"", 'Fat Man', 'Reporter', 'Buster Keaton', 'Accordionist', ""Violinist at Norma's New Year's Eve Party"", 'Norma Desmond', 'Ray Evans', 'Giggling Girl on Phone at Party', '2nd Finance Man', 'Undertaker', 'Detective', 'Police Lieutenant', 'Grip on DeMille Set', 'Undetermined Role', 'Black Man', ""Cop Who Drags Joe's Body from Pool"", 'Phone Standby', 'Jonesy - Older Paramount Gate Guard', 'Man on Golf Course', 'Jay Livingston', 'Police Sergeant', 'Hedda Hopper', 'Anna Q. Nilsson'}"
13,Forrest Gump,"{'Hannibal Reporter', 'School Bus Driver', ""Jenny's Babysitter"", 'National Correspondent #1', 'Pick-up Truck Driver', 'Forrest Junior', 'Alabama Football Player', 'Stanley Loomis', 'Forrest Gump', 'Drill Sergeant', 'Local Anchor #1', 'Church Choir', 'Bus Scene', 'Drugged Out Boyfriend', 'Chancellor AL University', 'Boy with Cross', ""Elderly Woman's Daughter"", 'Wild Eyed Man', 'The Minister', 'University of Alabama Assistant Football Coach', 'Alabama Marching Band', 'Carla', ""Jenny's Date"", 'Emcee', 'Cleveland', 'President Nixon', 'Alabama College Photographer #1', 'Self - Assassination Attempt', 'Cheerleader', 'Reporter', 'Bubba Blue', 'Self - in Vietnam', 'Football Player', 'Isabel', 'Topless Girl', 'Elvis Presley', 'Football Fan', 'Tex', 'Black Panther', 'Fat Teen', ""Jenny's Father"", 'Lenore', 'College Quarterback', 'Barracks Recruit', 'Doctor', 'Taxi Driver', 'Red Headed Boy', 'Man in VW Bug', 'Bus Recruit', 'Nurse at Park Bench', 'Vietnam Veteran', 'School Bus Girl', 'Abbie Hoffman', 'Self - after 1968 California Primary', 'Newscaster', 'Local Anchor #3', ""Lieutenant Dan's Fiancée"", 'Red Headed Teen', 'Governor', 'The Honeymooners', 'VA in Hospital', 'Army Hospital Male Nurse', 'College Football Coach', 'Musician Boyfriend', 'Chinese Ping Pong Player', 'Civil Rights Marcher', 'Lieutenant Dan Taylor', 'Wounded Soldier', 'Drum Major', ""Jenny's Grandmother"", 'Jenny Curran', 'Elderly Southern Woman', 'Chorister', ""Bubba's Mother"", 'High School Football Coach', ""Self - New Year's Eve"", 'Wesley', 'Sergeant Sims', 'Recruiter', 'Counterman', 'Fat Boy', 'Landowner', 'Self - Shooting George Wallace', 'Football Coach', 'Black Panther Leader', 'Discharge Officer', 'National Guardsman', 'Crony', 'Policeman at War Rally', 'Local Correspondent #2', 'Young Elvis Presley', 'President Johnson', 'School Bus Boy', 'Mail Call Soldier', 'Self - Stepping onto the Moon', 'Hippie', 'John Lennon', 'Fat Man at Bench', 'Helicopter Gunman', 'Hilary', 'Hospital Officer', 'Young Jenny Curran', 'Nicholas Katzenbach', 'Earl', 'National Correspondent #4', 'Hippie at Commune', 'Army Nurse', 'CBS Correspondent Cooper', 'Aging Hippie', 'Club Patron', 'Veteran at War Rally', 'Woman with Child on Park Bench', 'Army Bus Driver', 'Principal', 'Louise', 'Dallas', 'University Dean', 'Self - Chinese Ping Pong Player', 'Protestor on Stage', 'Black Student', 'Get the Bikes Bully', 'President Kennedy', 'Student Protester', 'Local Anchor #2', 'Kick Off Return Player', 'Self', 'Young Man Running', 'Teen with Cross', 'Elderly Woman', 'Southern Gentleman', 'Self - with JFK in Dallas', 'Mrs. Gump', 'Young Forrest', ""Bubba's Great Grandmother"", 'Army Recruiter', 'Barber', 'Dick Cavett', 'Police Chief', 'Waitress in Cafe', 'Hollywood Boulevard Girlfriend'}"
14,12 Angry Men,"{'Juror 10', 'Juror 12', 'Stenographer', 'Judge', 'Juror 9', 'Juror 7', 'Guard', 'Juror 5', 'Court Clerk', 'Reporter', 'Juror 4', 'Juror 2', 'Juror 1', 'Juror 3', 'Juror 11', 'Juror 6', 'Juror 8', 'Man Waiting for Elevator', 'The Accused'}"
15,Star Wars,"{'Fixer', 'Mos Eisley Citizen', 'Massassi Outpost Announcer', 'Daine Jir', 'Tusken Raider', 'Lt. Pol Treidum', 'Chief Jawa', ""Leia's Rebel Escort"", 'Muftak', 'Aunt Beru', 'Wuher', 'Gold Five', 'Greedo', 'Various Voices', 'Red Leader', 'Kabe', ""Sai'torr Kal Fas"", 'C-3PO', 'Leesub Sirln', 'Death Star Trooper', 'Thuku', 'Rycar Ryjerd', 'Cantina Voices', 'Grand Moff Tarkin', 'Cantina Alien', 'GONK Droid', 'Dr. Evazan', 'Solomohal', 'InCom Engineer', 'Red Two', 'Red Six', 'Hrchek Kal Fas', 'Han Solo', 'Uncle Owen', 'Wioslea', 'Red Four', 'Tawss Khaa', 'Drifter', 'Commander #1', 'Temple Guard', 'Melas', 'Swilla Corey', 'Medal Bearer', 'Ben Obi-Wan Kenobi', 'Nabrun Leids', 'Massassi Base Rebel Scout', 'Chall Bekan', 'General Taggi', 'Chewbacca', 'BoShek', 'Stormtrooper', 'Cantina Band Member', 'Cantina Patron', 'Ponda Baba', 'Mosep', 'Cmdr. Praji', 'Red Three', 'Jawa', 'Gold Two', 'Luke Skywalker', 'Garouf Lafoe', 'R2-D2', 'General Dodonna', 'Darth Vader', 'General Motti', 'Brea Tonnika', 'Princess Leia Organa', 'Djas Puhr', 'Gold Leader', 'Sandtrooper', 'Stormtrooper with Binoculars', 'Takeel', 'Del Goren', 'Boba Fett', 'General Willard', 'Garindan', 'Death Star Gunner', 'Ketwol', 'Senni Tonnika', 'Lt. Shann Childsen'}"
16,2001 A Space Odyssey,"{""Poole's Father"", 'TMA-1 Site Technician #2', ""Squirt - Floyd's Daughter"", 'V. F. Kaminsky', 'Hostess in Elevator', 'Dr. Ralph Halvorsen', 'Dr. Heywood R. Floyd', 'Young Man', 'Aries-1B Lunar Shuttle Captain', 'Dr. Dave Bowman', 'Ape', 'TMA-1 Site Photographer', 'Astronaut', 'BBC-12 Announcer', 'Ape Killed by Moon-Watcher', 'Ape Attacked by Leopard', 'Stewardess', 'Stewardess on Space Station', 'Moon-Watcher', 'Moonwalker', 'Scientist', 'Interviewer', 'Mission Controller', 'Miller', 'Russian Scientist', 'Dr. Frank Poole', 'Receptionist', 'Dr. Andrei Smyslov', 'Scientist at TMA-1 Briefing', 'HAL 9000', 'Judo Opponent on Aries-Ib TV', 'Dr. Bill Michaels', 'Dr. Stretyeneva', 'Voice Print Identification Girl', 'Aries-1B Stewardess', 'TMA-1 Site Technician #1', 'Military Officer at Clavius Meeting', 'Elena', ""Poole's Mother""}"
17,Chinatown,"{'Policeman', 'Noah Cross', 'Waiter', 'Lawyer', 'Driver', 'Mr. Palmer', 'Man with Knife', 'J.J. Gittes', 'Walsh', 'Gardener', 'Irate Farmer', ""Evelyn's Butler"", 'Boy on Horseback', ""Cross' Butler"", 'Ida Sessions', 'Emma Dill', 'Hollis Mulwray', 'Yelburton', 'Mortician', 'Clerk', 'Evelyn Mulwray', 'Customer', 'Maid', ""Mulwray's Secretary"", 'Sophie', 'Duffy', 'Mayor Bagby', ""Curly's Wife"", 'Curly', 'Mulvihill', 'Councilman', 'Barber', 'Loach', 'Escobar', 'Katherine', 'Farmer in the Valley'}"
18,Singin' in the Rain,"{""Policeman in 'Singin' in the Rain' Number"", 'Teresa - a Lady-in-Waiting', ""'Miss January' in 'Beautiful Girl' segment"", 'Orchestra Leader', 'Assistant Director', 'Movie Usher', 'Phoebe Dinsmore', 'Mrs. Simpson', 'Minor Role', 'Security Guard', 'Projectionist', ""'Miss May' in 'Beautiful Girl' Segment"", ""'Miss August' in 'Beautiful Girl' segment"", 'Kathy Selden', ""Actress in 'The Royal Rascal'"", 'Filipino Butler', 'Man in Forecourt', 'Usherette', 'Wardrobe Woman', 'Dancing Fat Man at Party', 'Sid Phillips', 'Fruit Peddler', 'Saloon Keeper', 'Lina Lamont', 'Dora Bailey', ""'Miss February' in 'Beautiful Girl' Segment"", 'Don Lockwood', ""'Miss December' in 'Beautiful Girl' Segment"", 'Dancer', 'Rod', 'Man in Talking Pictures Demonstration', ""'Miss October' in 'Beautiful Girl' Segment"", 'Audience Member', 'Matt - Policeman', 'Female Tango Dancer', 'Chorus Girl', ""'Miss June' in 'Beautiful Girl' Segment"", ""'Miss April' in 'Beautiful Girl' Segment"", 'Messenger on Screen', 'Sound Technician', 'Hairdresser', 'Cosmo Brown', ""'Miss November' in 'Beautiful Girl' segment"", 'Gangster in Broadway Melody Ballet', 'Police Escort at Premiere', 'Sound Engineer', 'Cosmo as a Boy', 'Boy', 'Olga Mara', 'Kid', 'Diction Coach', 'Chorus Boy', 'Baron de la Ma de la Toulon', 'R.F. Simpson', ""'Miss March' in 'Beautiful Girl' Segment"", 'Policeman', 'Lady-in-Waiting', 'Zelda Zanders', 'Don as a Boy', 'Film Crew Member', ""Old Man Getting Umbrella in 'Singin' in the Rain' Number"", 'Rudy Vallee Impersonator', 'Club Patron', 'Assistant Cameraman', 'Party Guest', 'J. Cumberland Spendrill III', 'Bert - Cowboy Knocked Out in Barroom Brawl', 'Publicity Man', 'Villain', 'Phil - Villain in Barroom Brawl', 'Call Boy', 'Male Tango Dancer', 'Awards Ceremony Attendee', ""'Miss September' in 'Beautiful Girl' Segment"", 'Fencer', ""'Miss July' in 'Beautiful Girl' segment"", 'Roscoe Dexter', 'Girl Talking with Cosmo at Party', 'Leading Man', ""Singer in 'Beautiful Girl' Segment""}"
19,It's a Wonderful Life,"{'The Bailey Child - Pete', 'Cousin Tilly', 'Annie', 'Ms. Davis', 'Bill-Poster', 'Ed', 'School Dancer', 'Man Whose Grandfather Planted Tree', 'Bert', 'High School Teacher at Poolside', 'Marty Hatch', 'Bandleader in the High School Dance Scene', ""One of Vi's Suitors"", 'Reporter', 'Young Boy', 'Building & Loan Depositor', 'Building & Loan Customer', 'Tom', 'Carter', ""Pianist in Nick's Place"", 'Cop Arresting Violet', 'Ruth Dakin', 'Townsman', 'Man with Sheriff', 'Tollhouse Keeper', 'Clarence', 'Mr. Partridge', 'Infant Janie Bailey', 'Senior Angel', 'Man in Fantasy', 'Bar Patron', 'Mr. Potter', 'Little Mary', 'Little Marty Hatch', 'Joe', 'Horace', 'Elderly Man', 'Mickey', 'Cashier', 'Military Officer in Montage', 'Sheriff', 'Ernie', 'Charlie', 'Photographer', 'Little George', 'Sam Wainwright', 'Little Sam', 'Mrs. Hatch', ""Potter's Bodyguard"", ""Violet's Boyfriend"", 'Mr. Martini', 'Harry Bailey', 'Building and Loan Customer', 'Graduation Dance Guest', 'Nick', 'Mr. Randall', 'Man on Porch', 'Mary Hatch', 'Little Harry Bailey', 'Violet', ""Young George's Friend"", 'Freddie Othello', ""Nick's Assistant Bouncer"", 'Mr. Gower', ""Nick's Waitress"", ""Nick's Bouncer"", 'Jane Wainwright', 'Building & Loan Board Member', 'Photographer with Sheriff', 'Mrs. Bailey', ""Relieved Banker in Potter's Office"", 'The Bailey Child - Zuzu', 'Student in Gym', 'Cousin Eustace', 'Policeman', 'Dr. Campbell', 'Real Estate Salesman', 'Little Violet', 'The Bailey Child - Tommy', 'Uncle Billy', 'Mr. Welch', 'Crow in Bank', ""Singer at Martini's"", 'Mrs. Martini', 'Elderly Woman', 'Young Girl', 'Pa Bailey', 'Nervous Banker', 'Wedding Guest', 'George Bailey', ""Nick's Bartender"", ""Potter's Secretary"", 'Townswoman', 'The Bailey Child - Janie'}"
20,Some Like It Hot,"{'Josephine', 'Little Bonaparte', 'Dolores', 'Gangster at Convention', 'Hotel Guest', 'Waiter', 'Bouncer', 'Club Patron', 'Fresh Bellboy', 'Rosella', 'Funeral Director', 'Party Guest', 'Bienstock', 'Police Officer', 'Mobster at Banquet', 'Emily', 'Commuter at Station', 'Osgood Fielding III', 'Retirement Home Resident', 'Detective Mulligan', 'Trumpet Player', 'Joe', 'Jerry', 'Spats Colombo', 'Johnny Paradise', 'Minor Role', 'Olga', 'Chef', 'Gangster with Charlie', 'Sig Poliakoff', 'Drunk', 'Toothpick Charlie', 'Official #1', 'Mozzarella', 'Mary Lou', 'Bellhop', 'Shell Oil Junior', 'Speakeasy Patron', 'Nellie', 'Gangster Convention Greeter', 'Small Role', 'Gangster at Massacre', 'Sugar Kane Kowalczyk', 'Band Member', 'Sweet Sue', 'Old Man', 'Speakeasy Waiter', ""Spats' Henchman"", 'Gangster', 'Daphne', 'Official #2', 'Girl'}"
21,Ben-Hur,"{'Roman at Bath', 'Rower No. 43', 'Barca', ""Pilate's Servant"", 'Rower No. 42', 'Decurian', 'Joseph', 'Woman in Crowd', 'Senator', 'Supplier to Leper Colony', 'Tiberius Caesar', 'Marius', 'Simonides', 'Jewish Slave in the Desert', 'Bad Thief on Cross', 'Malluch', 'Melchior', 'Old Man', 'Gratus', 'Soldier', 'Oarsman', 'Doctor', 'Gaspar', 'Captain of Rescue Ship', 'Jesus - The Christ', 'Hortator', 'Metellus', 'The Byzantine', 'Villager', 'Starter at Race', 'Chief of Rowers', 'Marcello', 'Judah Ben-Hur', 'Jailer', 'Blind Man', 'Quaestor', 'Man in Nazareth', 'Roman Soldier with a Bow on Galley', 'Chariot Racer', 'The Lubian', 'Seaman', 'Quintus Arrius', 'Galley Officer', 'Flavia', 'Roman Soldier Who Brings Crown to Gratus', 'Rower', 'Esther', 'Aide to Tiberius', 'Sportsman', 'Miriam', 'Roman Officer', 'Cavalry Officer', 'Guest at Banquet', 'Centurion', 'Sheik Ilderim', 'Balthasar', 'Mary', 'Pontius Pilate', 'Rower No. 28', 'Leper', 'Mario', 'Officer', 'Guard on ship', 'Jewish Woman', 'Sextus', 'Amrah', 'The Armenian', 'The Egyptian - Chariot Racer', 'Raimondo', 'Messala', 'Tirzah', 'Narrator', 'Spintho', 'The Athenian', 'Roman Officer with Messala', 'The Syrian', 'Undetermined Role', 'Chariot Driver', 'Dancers at Roman Banquet', 'Palefrenier de la course de chars', 'The Corinthian', 'Drusus'}"
22,Apocalypse Now,"{'Jerry, Civilian', 'Photojournalist', 'Helicopter Pilot', 'French Soldier #1', 'Soldier in Trench', 'Roxanne Sarrault', 'Helicopter Skid Marine', 'Mike from San Diego', 'Playmate of the Year', 'Guitarist in Band', 'Soldier with Colby', 'Bit Part', 'MP Sergeant #2', 'TV Photographer', 'Colonel Walter E. Kurtz', 'Colonel Lucas', 'AFRS Announcer', 'Philippe de Marais', 'Soldier Clinging to Helicopter', 'Lieutenant Colonel Bill Kilgore', 'French Soldier', 'Sergeant Le Fevre', 'Gilles de Marais', 'Machine Gunner', 'Spotter', 'Injured Soldier', 'Christian de Marais', 'Agent', 'Messenger for Willard', 'Lance B. Johnson', 'Chief Phillips', 'Playmate', 'MP Sergeant #1', ""Mrs. Miller, Clean's Mother"", 'Gaston de Marais', ""Tyrone 'Clean' Miller"", 'Catholic Priest', 'Hubert de Marais', 'General R. Corman', 'Johnny from Malibu', 'Director of TV Crew', 'Claudine', 'Captain Benjamin L. Willard', 'Lieutenant Carlsen', 'Eagle Thrust Seven Helicopter Pilot', 'Radio Operator', 'Extra', 'Soldier', 'Lieutenant Richard M. Colby', 'French Soldier #2', 'Soldier with Suitcase', 'Tribal Child', 'Major from New Jersey', ""Kilgore's Gunner"", 'Francis de Marais', 'Supply Sergeant', 'The Tutor', 'Playmate, Miss May', 'Roach', ""Jay 'Chef' Hicks""}"
23,Amadeus,"{""Basilio in 'The Marriage of Figaro'"", 'Priest', 'Kappelmeister Bonno', ""Salieri's Servant"", 'Baron Van Swieten', ""Barbarina in 'The Marriage of Figaro'"", ""Salieri's Valet"", ""Marcellina in 'The Marriage of Figaro'"", ""Don Curzio in 'The Marriage of Figaro'"", ""Commendatore in 'Don Giovanni'"", 'Archbishop Colloredo', 'Parody Commendatore', 'Count Orsini-Rosenberg', 'Constanze Mozart', 'Antonio Salieri', ""Countess in 'The Marriage of Figaro'"", 'Count Arco', 'Pope Clement', ""Papageno in 'The Magic Flute'"", ""Count Almaviva in 'The Marriage of Figaro'"", 'Wig Salesman', ""Antonio in 'The Marriage of Figaro'"", 'Young Salieri', ""Papagena in 'The Magic Flute'"", ""Cavalieri in 'Axur'"", 'Francesco Salieri', 'Dancer', ""Dr. Bartolo in 'The Marriage of Figaro'"", 'Emanuel Schikaneder', 'Michael Schlumberg', 'Gertrude Schlumberg', 'Leopold Mozart', 'Conductor', ""Cherubino in 'The Marriage of Figaro'"", ""Susanna in 'The Marriage of Figaro'"", 'Frau Weber', 'Emperor Joseph II', ""Figaro in 'The Marriage of Figaro'"", ""Queen of the Night in 'The Magic Flute'"", 'Young Mozart', 'Lorl', ""Leporello in 'Don Giovanni'"", 'Father Vogler', 'Frau Schlumberg', 'Cardinal', 'Wolfgang Amadeus Mozart', 'Count Von Strack', 'Hospital Attendant', 'Czechoslovakian Actor', ""Constanza in 'Abduction from the Seraglio'"", ""Don Giovanni in 'Don Giovanni'"", ""Salieri's Student"", 'Karl Mozart', 'Papagena', 'Katerina Cavalieri'}"
24,Lord of the Rings The Return of the King,"{'Sam', 'Theoden', 'Saruman', 'Gamling', 'Gondorian Ranger', 'Gorbag', 'Elanor Gamgee', 'Celeborn', 'Damrod', 'Shagrat', 'Eomer', 'Featured Orc', 'Baby Gamgee', 'Gondorian Soldier 1', 'Elf Escort', 'Gothmog', 'Denethor', 'Corsair of Umbar', 'Madril', 'Rohan', 'Orc Helper', 'Harad Leader 1', 'Bilbo', 'Drinking Rohan Soldier', 'Diamond of Long Cleave', 'Beacon Guard', 'Coronation Elf', 'Uruk 2', 'Faramir', 'King of the Dead', 'Elrond', 'Featured Child', 'Irolas', 'Black Lieutenant', 'Rivendell Elf', 'Gondorian Soldier 3', 'Pelennor Orc', 'Isildur', 'Arwen', 'Gondorian', 'Everard Proudfoot', 'Aragorn', 'Boromir', 'Harad Leader 2', 'Smeagol', 'Orc Lieutenant 1', 'Voice of the Ring', 'Eowyn', 'Orc commander', 'Wormtongue', 'Haradrim Warrior', 'Gollum', 'Corsair Bosun', 'Legolas', 'Gimli', 'Frodo', 'Rosie Cotton', 'Witchking', 'Grimbold', 'Cirdan the Shipwright', 'Eldarion', 'Deagol', 'Merry', 'Gandalf', 'Pippin', 'Galadriel', 'Orc'}"
25,Gladiator,"{'Cassius', 'Fighter', 'City of Rome', 'Vestal Virgin', 'Officer 2', ""Maximus' Wife"", ""Lucius' Attendant"", 'Cicero', 'Roman Dignitary', 'Assassin #2', 'German Leader', ""Proximo's Man"", 'Quintus', 'Rider', ""Catapult Commander Shouts 'Loose'"", 'Gracchus', 'Roman Soldier', 'CGI Motion Capture Gladiator', 'Swordsman', 'Germanic Swordsman', 'Hagen', 'Giant Man', 'Slave Trader', 'Rome Trainer #1', ""Maximus' Son"", 'Yeroc Thoob', 'Marcus Aurelius', 'Juba', 'Falco', 'Battlefield Medic', 'Valerius', 'Citizen of Rome', 'Centurion', 'Coliseum Gladiator', 'Lucilla', 'Trainer 1', 'Germanic Soldier', 'Assassin #1', 'Praetorian Guard #1', 'Narrator', 'Maximus', 'Chief Catapult Operator', 'Commodus', 'Engineer', 'Extra', 'Praetorian Officer', 'Proximo', 'Roman Girl - scene with Maximus', 'German Barbarian', 'Sedan Chair Carrier', 'Scribe', 'Trainer 2', 'Lucius', 'Barbarian Chieftain', 'Tigris', 'Officer 1', 'Gaius'}"
26,Titanic,"{'Core extra', 'I Salonisti Cello', 'Engineering Officer', '1st Officer Murdoch', 'Woman in Water', 'Irish Little Girl', 'Titanic Crewmember', '1st Class Passenger', 'Mother at Stern', 'Mary Marvin', 'Bobby Buell', 'Master at Arms', 'Kissing Couple', 'Captain Smith', 'Ohio Man', 'Steward #1', 'Seaman on Loading Dock', 'Harold Bride', 'Bjorn Gunderson', 'Deckhand', 'Jack Phillips', 'I Salonisti Violin', 'Lewis Bodine', 'Rich Man', 'Stairwell Steward', '1st Class Woman', 'News Reporter', 'Second Class Passenger', 'Pubkeeper', 'Quartermaster Rowe', ""'Safe' Bellboy"", 'Carpenter John Hutchinson', 'Fifth Officer Lowe', 'Lady Duff Gordon', 'Old Rose', 'Sir Duff Gordon', 'John Jacob Astor', ""Cal's Crying Girl"", 'Fabrizio', 'Madame Aubert', 'Third Officer Groves', 'Promenade Deck Steward', 'Rescue Boat Crewman', 'Wireless Operator Cyril Evans', 'Bert Cartmell', 'Cal Hockley', 'Slovakian 3 Year Old Boy', 'Syrian Woman', 'First Class Passenger', 'Irish Mommy', 'Musician', 'Rose Dewitt Bukater', 'Steerage Band', 'Steward #4', 'Drowning Man', 'Jack Dawson', 'Titanic Porter', 'Leading Stoker Charles Hendrickson', 'Quartermaster Hichens', 'Chief Baker Joughin', 'Olaf Dahl', 'Dancer', 'Man in Water', 'Steward Barnes', 'Ruth Dewitt Bukater', 'Titanic Gym Instructor Thomas McCawley', 'Baker', 'Cora Cartmell', 'Extra', 'Scotland Road Steward', 'Chief Officer Wilde', 'Irish Man', 'Bruce Ismay', '2nd Class Passenger', 'Isidor Straus', 'Seaman', 'Slovakian Father', 'Thomas Andrews', 'Lizzy Calvert', 'Molly Brown', 'Steerage Dancer', 'Olaf', 'Douglas Spedden', 'Benjamin Guggenheim', 'Hold Steward #2', 'Lookout Lee', 'Leading Stoker Barrett', '3rd Class Woman', 'Ida Straus', 'Anatoly Milkailavich', 'First Class Steward', 'Yaley', 'Woman', 'Sven', 'I Salonisti Double Bass', 'Titanic Orchestra', 'Steerage Band Member', 'Bathroom Guy', 'Col. Archibald Gracie', 'Countess of Rothes', 'Madeleine Astor', '4th Officer Boxhall', 'Spicer Lovejoy', '1st Class Dining Room Steward', 'Tea Room Girl', 'E-Deck Passenger', 'Victor Giglio', 'Button Accordionist', 'Sailor', 'The Promenade Steward', '6th Officer Moody', 'Engine Room Crewman', '1st Class Husband', 'Crewman', 'Steward #3', 'Chinese Man', 'Frozen Woman with Baby', 'Hold Steward #1', 'Waiter', 'Trudy Bolt', 'Chief Engineer Bell', 'Tea Room Mother', 'Praying Man', 'Steward #2', '3rd Class Youngster Without Lifesaver Jacket', 'Frederick Spedden', 'Irish Little Boy', 'Helga Dahl', '2nd Officer Lightoller', '3rd Officer Pitman', 'Frederick Fleet', 'Man Being Combed for Lice', 'Engine Room Worker', 'Wallace Hartley', 'Carpathia Steward', 'Narrator of Theatrical Trailer', 'Olaus Gunderson', 'Father Byles', 'Praying Woman', 'Elevator Operator', 'Noble Sailor', 'Tommy Ryan', '1st Class Steward', '3rd Class Passenger', 'Syrian Man', '1st Class Waiter', '1st Class Man', 'I Salonisti Piano', 'Brock Lovett'}"
27,From Here to Eternity,"{""Sgt. 'Baldy' Dhom"", 'Sandra', 'Angelo Maggio', 'Treadwell', 'Gen. Slater', 'Soldier Leaving New Congress Club', 'Col. Ayres', 'Bartender', ""Rose - Waitress in Enlisted Men's Club"", 'Mazzioli', 'Military Guard', 'Suzanne', 'Robert E. Lee Prewitt', 'Karen Holmes', 'Billie', 'Capt. G.R. Ross', 'Cpl. Paluso', ""Georgette - Lorene's Roommate"", 'Cpl. Buckley', 'Trumpet Player', 'Nancy', 'Maj. Bonds', 'Jean', 'Alma -', ""Sgt. 'Fatso' Judson"", 'Bill', 'Sgt. Maylon Stark', 'Annette - Club Receptionist', 'Nair', 'Minor Role', 'Capt. Dana Holmes', 'Col. Wood', 'Cpl. Champ Wilson', 'Pvt. Friday Clark - Bugler', 'Sal Anderson', 'Dance Hall Girl', 'Maj. Stern', 'Roxanne', 'Sgt. Leva', 'Undetermined Role', 'Sgt. Turp Thornhill', 'Mrs. Kipfer', 'Sgt. Henderson', 'Army Lieutenant Colonel', 'Soldier at New Congress Club', 'Sgt. Ike Galovitch', 'Soldier', 'Sgt. Pete Karelsen', 'Sgt. Milton Warden'}"
28,Saving Private Ryan,"{""Ryan's Grandson"", 'Corporal Upham', 'Fallon', 'Paratrooper #1', 'War Department Captain', 'Field HQ Aide', 'Paratrooper Lieutenant', 'French Villager', 'Soldier Signalling to Relief Column', 'T-4 Medic Wade', 'War Department Clerk', ""Ryan's Granddaughter"", 'Private Boyd', 'War Department Lieutenant', 'Czech Wehrmacht Soldier', 'Minnesota Ryan', 'Senior Medical Officer', 'Soldier', 'Wilson', 'German Paratrooper', 'Coxswain', 'Corporal', 'Old French Man', 'Radioman', 'Old French Woman', ""Jean's Wife"", ""Jean's Daughter"", 'Parker', 'Ramelle Paratrooper', 'Jean', 'Trask', 'Corporal Henderson', 'Private Hastings', 'German Sniper', 'Goldman', 'Lieutenant Colonel Anderson', 'Doyle', 'Paratrooper Joe', 'Weller', 'Paratrooper Oliver', ""Ryan's Son"", 'German SS Soldier', 'Captain Hamill', 'Paratrooper Michaelson', 'A23 Platoon', 'Letter-Reader', 'Captain Miller', 'Paratrooper', 'Old Mrs. Ryan', 'Lyle', 'Field HQ Major', 'Sergeant Hill', 'Rice', 'Waffen SS Soldier', 'Toynbe', 'Private Mellish', 'Ryan as Old Man', 'Major Hoess', 'German #3', 'Sergeant Blaine', 'Lieutenant Briggs', 'Steamboat Willie', 'German #2', 'German #1', 'General Marshall', 'Bangalore Assistant', 'Private Ryan', 'Private Jackson', 'Private Reiben', 'Delancey', 'Soldier on the Beach', 'War Department Colonel', 'MP Lieutenant', 'Private Caparzo', ""Jean's Son"", 'Mrs. Margaret Ryan', 'Voice on Bullhorn', 'Garrity', 'Soldier on Beach', 'Lieutenant DeWindt', 'Sergeant Horvath'}"
29,Unforgiven,"{'Johnny Foley', 'Lippy MacGregor', 'Fighter', 'Will Munny', 'Charley Hecker', 'Faith', 'Wiggens', 'Clyde Ledbetter', 'Penny Munny', 'Ned Logan', 'The Shadow', 'Thirsty Thurston', 'Deputy Andy Russell', 'W.W. Beauchamp', 'Buck Barthol', 'Bill Munny', ""The 'Schofield Kid'"", 'Little Bill Daggett', 'Quick Mike', 'Little Sue', 'German Joe Schultz', 'Skinny Dubois', 'Eggs Anderson', 'Fatty Rossiter', 'Sally Two Trees', 'Train Person #2', 'Train Person #3', 'Strawberry Alice', 'Bucky', 'Crow Creek Kate', 'Fuzzy', 'Silky', 'Crocker', 'Train Person #1', 'Davey Bunting', 'Delilah Fitzgerald', 'Barber', 'Paddy McGee', 'Texas Slim', 'Tom Luckinbill', 'English Bob', 'Muddy Chandler'}"
30,Rocky,"{'Secretary', 'Man in Unemployment Line', 'Fighter', ""Apollo's Lawyer"", 'Ice Rink Attendant', ""Rocky's Dog"", 'Timekeeper', 'Gazzo', 'Bartender', ""Apollo's Corner"", 'Paulie', ""Paulie's Date"", ""Tony Gazzo's Girlfriend"", 'Apollo Corner Man', 'Ringside Police Officer', 'Apollo', 'Club Corner Man', 'Jergens', 'Fats', 'Radio Host', 'Mickey', 'TV Interviewer', ""Apollo Creed's Bodyguard"", 'Marie', 'Self', 'Drunk', 'Spectator', 'Adrian', 'Reporter', 'TV Commentator', 'Owner of Pet Shop', 'Club Fighter', ""Apollo's Trainer"", 'Dipper', 'Bodyguard', 'Fight Commentator', 'Mary Anne Creed', 'Club Fight Referee', 'Mike', 'Rocky', 'Fight Announcer', 'Cut Man', 'Championship Fight Announcer', 'Streetcorner Singer', 'Big Man Daniel', 'Boxer In Gym', 'Chiptooth', 'Club Fight Announcer'}"
31,A Streetcar Named Desire,"{'Stella Kowalski', 'Policeman', 'Steve', 'Pablo', 'Waiter', 'Eunice', 'Club Patron', 'A Sailor', 'A Collector', 'Foreman', 'Stanley Kowalski', 'Passerby', 'Minor Role', 'Bowling Alley Patron', 'The Mexican Woman', 'Giggling Woman with Eunice', 'Worker', 'Mitch', 'A Doctor', 'Vendor', 'Street Vendor', 'The Matron', 'Blanche DuBois'}"
32,To Kill a Mockingbird,"{'Maudie Atkinson', 'Townsman', 'Jem', 'Schoolboy', 'Helen Robinson', 'Dr. Reynolds', 'Jesse', 'Man', 'Bailiff', 'Courtroom Spectator', 'Dill Harris', 'David Robinson', 'Atticus Finch', 'Mr. Gilmer', 'Walter Cunningham Sr.', 'Court Clerk', 'Calpurnia', 'Mrs. Dubose', 'Walter Cunningham Jr.', 'Scout Finch', 'Jury Foreman', 'Judge Taylor', 'Tom Robinson', 'Hiram Townsend', 'Boo Radley', 'Scout as an Adult - Narrator', 'Bob Ewell', 'Reverend Sykes', 'Nathan Radley', 'Court Reporter', 'Schoolteacher', 'Spence Robinson', 'Burly Mob Member', 'Sheriff Heck Tate', 'Ash', 'Mob Leader', 'Aunt Stephanie Crawford', 'Cecil Jacobs', 'Juror', 'Mayella Violet Ewell'}"
33,An American in Paris,"{'Fury', 'Georges Matthieu', 'Lise Bouvier', 'Man at Shutters', 'Boy with Bubble Gum', 'Waiter', 'Club Patron', 'Ballet Dancer', 'Driver', 'Bartender', 'Young Man at Mirror', 'Dancing Partner', 'Tommy Baldwin', 'Kay Jansen', 'G.I.', 'Mathilde Mattieu', 'Honeymooner', 'American Girl', 'Party Guest', 'Woman at Table', 'Smiling Young Man', 'Adam Cook', 'Jerry Mulligan', 'Nun', 'French Girl', 'Bearded Painter', 'Woman with Cats', 'Man with Books', 'Milo Roberts', 'Spectator at Show', 'Man at Table', 'Strongman', 'Boy', 'Maid', 'Frenchwoman', 'Therese', 'Winston Churchill', 'François', 'News Vendor', 'Rugged G.I.', 'Postman', 'Frenchman', 'Undetermined Role', 'Child in Ballet', 'Flower Lady', 'Girl at Ball', 'Cafe Patron', 'Audience Member', 'Jack Jansen', 'Edna Mae Bestram', 'Artist', 'Ben Macrow', 'John McDowd', 'Woman on Phone', 'Patron at Flodair Café', 'Saxophonist in Cafe', ""'Stairway to Paradise' Dancer"", 'Henri Baurel', 'Dancing G.I.', 'Girl'}"
34,Best Years of Our Lives,"{'Dexter - Brat in Drugstore', 'Miss Barbour', 'Wealthy Man at Nightclub', 'Jackie', 'Musician - Drum Solo', 'Mrs. Cameron', 'ATC Sergeant', 'Bank Customer with Hat', 'Rob Stephenson', 'Mr. Mollett', 'Wilma Cameron', 'Butch Engle', 'A Boy', 'Hat Check Girl', 'Nightclub Waiter', 'Marie Derry', 'Pat Derry', 'Nightclub', 'Taxi Driver', 'Mrs. Talburt - Perfume Customer', 'Mrs. Garrett', 'Milly Stephenson', 'Bar Patron', 'Department Store Customer', 'Gus - Salvage Worker', 'Mr. Cameron', 'Counter Girl', 'Hortense Derry', 'Prew', 'Glamour Girl', 'Announcer', 'Peggy Stephenson', 'Waiter at Bank Dinner', 'Black Soldier at Airfield', 'Camera Girl', 'Cliff', 'Girl', ""Maitre d'Hotel"", 'Fred Derry', 'Minister at Wedding', 'Dinner Guest', 'Lou Latham - Bank', ""Ladies' Room Attendant"", 'Perfume Saleswoman', 'Woody Merrill', 'ATC Corporal', 'Mrs. Parrish', 'Girl at Table with Cliff', ""Angus - Butch's Waiter"", 'Customer', 'Luella Parrish', 'Salvage Foreman', 'Technical Sergeant', 'Steve the Bartender', ""Clarence 'Sticky' Merkle"", 'Saleswoman', 'Steese - Bank', 'Novak', 'Ryan - Bank Guard', ""Card Player at Lucia's"", 'Waiter', ""One of Homer's 'Kids'"", 'Drugstore Clerk', 'Hillbilly Singer', 'Homer Parrish', 'George H. Gibbons', 'Thorpe', 'Apartment Desk Clerk', 'Nightclub Patron', 'Al Stephenson', 'Corporal at ATC Counter', 'A Girl', 'Parking Lot Attendant', 'Doorman', 'Boy at Soda Fountain - Mollett Scene', 'Cameo - Drug Store customer', 'Singer', ""Waiter at Lucia's Restaurant"", 'Girl at Soda Fountain - Mollett Scene', 'Bank Dinner Guest', 'Wedding Guest', 'Man at Airport', 'Mr. Parrish', 'Mr. Milton', ""Diner Attendant at Lucia's"", 'Card Player', ""Giuseppe - Lucia's Restaurant Proprietor"", 'Bullard'}"
35,A Clockwork Orange,"{'Mr Alexander', 'Bearded Man in Record Shop', '3rd Milkbar Bouncer', 'BBC Producer', 'Girl Passing Alex in Record Store', 'Mustachioed Ludovico Technician', ""Victim of Billyboy's Gang"", 'Old Lady at Duke of York', 'Doctor', 'Sophisto', 'Sonietta', 'Prison Officer in Chapel', 'Brunette Girl', 'Conspirator D.B. Da Silva', 'Conspirator', ""Charlie - Security Guard Outside Alex's Ludovico Room"", 'Prison Governor', 'Stage Actress', 'Desk Sergeant', 'Nurse Braindrain', 'Prison Check-in Officer', 'Biblio Oldie', 'Mrs. Alexander', 'Marty', 'Chief Guard', 'Psychiatrist', 'Lodger', 'Convict Pianist', 'Prison Check-In', 'Tramp', 'Bar Customer', 'Professor', 'Prison Guard', 'Self', 'Dad', 'Jesus Christ', 'Smiley Prisoner Next to Kissy Faced Prisoner', '1st Policeman at Duke of York', 'Drunk Tramp', 'Humming Technician', 'Police Inspector', 'Dr. Branom', 'Catlady', 'Georgie', 'Burbling Boy', ""Dr. Lidlock's Assistant"", 'Girl in Ascot Fantasy', 'Dr. Alcott, Ludovico Center check-in', 'Mum', 'Prison Chaplain', 'Det. Const. Tom', 'Detective sergeant', 'Dr. Lidlock', 'Julian', 'Tramp Beating Up Alex', 'Tramp beating up Alex', 'Pete', 'Desk Policeman', 'Stage Actor', 'Dr. Brodsky', 'Dim', 'Man with Flowers in Hospital', 'Handmaiden in Bible fantasy', 'Rex - Police Landrover Driver', 'Nurse', '2nd Policeman at Duke of York', 'Record Bootik Clerk', 'Minister', 'Deltoid', 'Handmaiden in Bible Fantasy', 'Professor Attacked by Alex & Droogs in Library', ""Junior Minister - Minister Frederick's Aid"", 'Milkbar Bouncer', 'Billyboy', 'Alex', 'Nurse Feeley'}"
36,Doctor Zhivago,"{'Petya', 'David', 'Priest', 'Yuri at 8 Years Old', 'Hospital Inmate', 'Raped Woman', '1st Tonya Age 7', 'Demented Woman', 'Militiaman', 'Anna', 'Razin', 'Kostoyed', 'The Bolshevik', 'Party Guest', 'Old Soldier', 'Sasha', 'Delegate', 'The Girl', 'Katya', 'Engineer at Dam', 'Captain', 'Streetwalker', 'Medical Professor', 'Major', 'Alexander', 'Yevgraf', 'Tonya at 7', 'Yuri Andreyevich Zhivago', 'Mr. Sventytski', 'Dancer', 'Siberian Boy', 'Political Officer', 'Beef-Faced Colonel', 'Pasha Antipov', 'Lara', 'Victor Komarovsky', 'Female Janitor', 'The Train Jumper', 'Mrs. Sventytski', 'Siberian Husband', 'Extra', 'Amelia', 'Oficial', 'Colonel of Dragoons', 'Gentlewoman', 'Liberius', 'Tonya Gromeko'}"
37,Jaws,"{'Woman Tourist #1', 'Man with Goff', 'Mainlander', 'Beachgoer', 'Michael Brody', 'Barwood', 'Mr. Denherder', 'Quint', 'Mr. Stands', 'Swimmer', 'Ellen Brody', 'Brody', 'Boat Rental Man', 'Lynwood Shop Keeper', 'Nurse', 'Salvatore', 'Meadows', 'Walter', 'Townsperson', 'Bonfire Guitarist', 'Girl in Music Store', 'Man with Rifle', 'Island Wife', 'Estuary Victim', 'Vaughn', 'Mr. Polk', 'Charlie', 'Research Assistant', 'Medical Examiner', 'Sailboat Skipper', 'Deputy #2', 'Amity Point Lifestation Worker', 'Beach Guitarist', 'Clarinet Player in Music Store', 'Pratt', 'Hendricks', 'Man with Dog', 'Infant on Beach', 'Hippie on Beach', 'Polly', 'Harry', 'Sean Brody', 'Harry Wiseman', 'Sonar Operator', 'Mrs. Kintner', 'Spotter', 'Lady Fisherman', 'Interviewer', 'Converted Man', 'Mr. Taft', 'Ben Gardner', 'Lifeguard', 'Frank Silva - Harbor Master', 'Man with Dynamite', 'Mrs. Taft', 'Mrs. Posner', 'Alex Kintner', 'Screaming Swimmer', 'Policeman', 'Fat Lady', 'Ensign', 'Boat Captain', 'Out of Towner', 'Motorboat Skipper', 'Man', 'Local Merchant', 'Mr. Posner', 'Felix', 'Hooper', 'Fisherman in Boat', 'Topless Swimmer', 'Woman at Beach', 'Scout Master', 'Cassidy', 'Chrissie', 'Artist', 'Swimming Girl', 'At Bonfire with Mustache'}"
38,Patton,"{'Colonel Gaston Bell', 'Field Marshal Erwin Rommel', 'First Lieutenant Alexander Stiller', 'Soldier Who Gets Slapped', 'American GI Cook', 'Lieutenant Gen. Harry Buford', 'Major General Walter Bedell Smith', 'Air Chief Marshal Sir Arthur Tedder', 'Willy', 'British Briefing Officer', 'Cynical Wounded Soldier', 'General Omar N. Bradley', 'Medical Corps Major', 'Lieutenant Young', 'Maj. Dorian von Haarenwege', 'General Sir Harold Alexander', 'Soldier Sleeping on the Floor', ""General Patton's Driver"", 'Captain Oskar Steiger', 'Clergyman', 'Moroccan Minister', 'Captain Richard N. Jenson', 'Colonel General Alfred Jodl', 'Field Marshal Sir Bernard Law Montgomery', 'Lieutenant Colonel Henry Davenport', 'Correspondent', 'Voice', 'Self', 'Sergeant in Bar', 'Tank Captain', 'Soldier on Bridge', 'Officer Callagher', 'Knutsford Welcome Club Dignitary', 'Brigadier General Hobart Carver', ""General Bradley's Driver"", 'Captain Chester B. Hansen', 'Lieutenant Col. Charles R. Codman', 'Third Army Chaplain', 'Sergeant William George Meeks', 'Major General Francis de Guingand', 'General George S. Patton Jr.', 'Major General Lucian K. Truscott', 'Russian Translator', 'Air Vice-Marshal Sir Arthur Coningham', 'Soldier', 'Colonel John Welkin', 'Self - Movietone News Narrator'}"
39,Platoon,"{'Sgt. Barnes', 'Gardner', ""Village Chief's Daughter"", 'Chris', 'Bunny', 'Big Harold', 'Crawford', 'Captain Harris', 'Manny', 'Mechanized Soldier #2', 'Village Chief', 'Alpha Company Major in Bunker', 'Soldier with Mohawk Haircut', 'Ebenhoch', 'Parker', 'Mechanized Soldier #1', 'Old Woman', 'Rodriguez', 'Fu Sheng', 'Sgt. Elias', 'Ace', 'Junior', 'Tony', 'One-Legged Man', 'Terrified Soldier', 'Medic', 'Tubbs', 'Morehouse', 'Huffmeister', 'Flash', 'Soldier with Guitar', 'Doc', ""Sgt. O'Neill"", 'Lerner', 'Francis', ""Village Chief's Wife"", 'Sal', 'King', 'Lt. Wolfe', 'Warren', 'Tex', 'Rhah', 'Soldier', 'Rape Victim', 'Sanderson'}"
40,Braveheart,"{'Farmer', 'William Wallace', ""Bride's Father"", 'Irish Foot Soldier', 'Young Soldier', 'Corporal', 'Prince Edward', 'Nicolette', 'Young Hamish', 'The Leper', 'Balliol', 'MacGregor', 'Priest No. 2', ""Leper's Caretaker"", 'York Captain', 'Smythe', 'Longshanks - King Edward I', 'Flagman', 'Drinker No. 1', 'Sean', 'Argyle Wallace', 'Hamish', 'John Wallace', 'Lord Dolecroft', 'Morrison', 'Villager', 'Phillip', 'Faudron', 'Young Murron', 'Chief Assassin', 'English Commander', 'Toothless Girl', 'Elder Stewart', 'Royal Magistrate', 'Warrior #2', 'Governor of York', 'Drinker No. 2', 'Clans Man', 'Highland Clansman', 'Wallace Warrior', 'Stewart', 'Royal Steward', 'Veteran', 'English General', 'Irish Horde', 'Kings Guard', 'Lord Bottoms', 'Stephen', 'Lochlan', 'Lady at Wedding', 'Mother MacClannough', 'Lord Talmadge', 'Craig', ""King's Advisor"", 'Magistrate', 'Campbell', 'Warrior', 'Scottish Warrior', 'Murron', 'Madbaker', 'Jailor', 'Mornay', 'Doogal', 'Princess Isabelle', 'Priest No. 1', 'Robert the Bruce', 'Malcolm Wallace', 'Mrs. Morrison', 'Young William', 'MacClannough', 'Peasant', 'Horse Rider', 'Cheltham', 'Clan Warrior'}"
41,Dances with Wolves,"{'Black Shawl', 'Escort Warrior', 'Union soldier', 'Doctor', 'Stone Calf', 'Spivey', 'Background Artist: Union Soldier', 'Toughest Pawnee', ""General's Aide"", 'Otter', 'Union Soldier', 'Pretty Shield', 'Wagon Driver', 'Settler', 'Guard', 'Cisco', 'Warrior #1', 'Kicking Bird', 'Smiles A Lot', 'Major', 'Edwards', 'Willie', ""Kicking Bird's Eldest Son"", 'Worm', ""Kicking Bird's Son"", 'Ambush Wagon Driver', 'Warrior #2', 'Sioux Courier', 'Ray', 'Pawnee #1', 'Two Socks - a Wolf', 'Big Warrior', 'Sioux #2', 'Female Barber', 'Lieutenant Elgin', 'Confederate Soldier', ""Christine's Mother"", 'Christine', 'Sergeant Bauer', 'Lieutenant Dunbar', 'Timmons', 'Pawnee #3', 'General Tide', 'Wind In His Hair', 'Major Fambrough', 'Sergeant Pepper', 'Village Mother', 'Sioux #1', 'Confederate Cavalryman', 'Stands With A Fist', 'Tucker', 'Ten Bears', 'Pawnee #2', 'Sioux Warrior', 'Captain Cargill - extended version', ""Kicking Bird's Daughter""}"
42,Jurassic Park,"{'Harding', 'Helicopter Pilot', 'Control Room technician', ""Driver of Grant, Sattler & Malcolm's Jeep"", 'Customer at San Jose restaurant', 'Muldoon', 'Volunteer #1', 'Dodgson', 'Lex', ""'Mr. D.N.A.' Voice"", 'Ellie', 'InGen Helicopter Pilot', 'Raptor #1', 'Worker at Amber Mine', 'Volunteer Boy', 'Mate', 'Wu', 'Worker in Raptor Pen', 'Archeologist', 'Arnold', 'Rostagno', 'Nedry', 'Gennaro', 'Lab Technician', 'Jurassic Park Tour Voice', 'Miner - Dug Out Mosquito', 'Grant', 'Malcolm', 'Tim', 'Hammond'}"
43,Exorcist,"{'Whitey G. Wiggerman', 'Rob'}"
44,Pianist,"{'Feather Woman', 'Schultz', 'Prisoner', 'Zydówka', 'Dr. Ehrlich', 'Woman in Ghetto', 'Benek', 'Woman with Soup', 'Boy with Sweets', 'Piano Buyer', 'Russian Soldier', 'Street Musician', 'Dr. Luczak', 'Jew', 'The Soup Snatcher', 'Dorota', 'Regina', 'SS Shooting the Woman', 'Zig Zag', 'Jew Working on the Bulding Site', 'Woman Shot in the Head', 'Wailing Woman', 'Polish Woman', 'Mr. Grün', 'Girl', 'worker', 'Rubenstein', 'German Soldier in the Ghetto', 'German Soldier - Rummage Bags', 'Man Waiting to Cross', 'Itzak Heller', 'Janina', 'SS Making a Speech', 'Gebczynski', 'Child at the Wall', ""Janina's Husband"", 'SS Shooting Benek', 'Polish Officer', 'Young Gestapo', 'SS Slapping Father', 'Captain Wilm Hosenfeld', 'SS Officer', 'Woman with Child', 'Halina', 'Man in Ghetto', 'Women in Ghetto', 'Lednicki', 'Mr. Lipa', 'Polish Workman', 'Fellow Worker', 'German Film Crew', 'Yehuda', 'Customer with Coins', 'Mother', 'Wladyslaw Szpilman', 'Schutzpolizei', 'Father', 'Majorek', 'Szalas', ""Dorota's Husband"", 'Soldier', 'Neighbour', 'Jurek', 'Henryk'}"
45,Goodfellas,"{'Lois Byrd', ""Young Henry's Sister #2"", ""Batts' Crew #2"", 'Prizefighter', 'Lawyer', 'Fat Andy', 'Belle Kessler', 'Bruce', ""Bruce's Brother #1"", ""Young Henry's Sister #1"", 'City Detective #2', 'Frankie The Wop', 'Truck Hijacker', ""Tommy's Girlfriend at Copa"", 'Mob Lawyer', ""Henry's Baby - Ruth"", 'Bridal Shop Owner', ""Cicero's Wife"", 'Drug Buyer', ""Stacks' Girlfriend"", 'Bleeding Man', 'Prison Guard in Booth', 'Resturante Mob Onlooker', 'Ruth Hill at 8 Years', 'Garbage Man', 'Stacks Edwards', 'Bobby Vinton', 'Cop #1', 'Barbeque Wiseguy', 'Tuddy Cicero', 'Arresting Narc', 'Dealer', 'Liquor Cop #2', ""Henry's 60's Crew"", 'Wilma Johnson - Phone Operator', 'Judy Hill at 13 Years', ""Tuddy's Wife"", 'Marie #2', 'Bouncer', 'Copa Captain', 'Doctor', 'Janice Rossi', 'Sandy', 'Truck Driver', 'Restaurant Customer', 'Frenchy', 'Mickey Conway', 'Johnny Roastbeef', 'Henry Greeter #1', 'Bar Patron', 'Wedding Photographer', 'Billy Batts', ""Karen's Mother"", 'Man with Coatrack', 'Wiseguy', ""Cicero's 60's Crew"", 'Paul Cicero', ""Vito's Girlfriend"", 'Johnny Dio', 'Spider', 'Security Guard with Lobsters', ""Karen's Dad"", 'Pete The Killer', 'Tommy DeVito', 'Susan', 'Judge - 1956', 'Nickey Eyes', ""Tommy's Mother"", 'Diane', 'Paul #3', ""Cicero's 60's crew"", 'Copa Announcer', 'Vito', ""Henry's Mother"", 'Jimmy Two Times', 'Angie', ""Bruce's Brother #2"", 'Mikey Franzese', 'Frankie Carbone', ""Gangster's Girlfriend"", ""Nicky Eyes' Girlfriend"", 'Young Michael', 'Freddy No Nose', 'Henry Greeter #3', ""Bookie's Sister"", 'Jerry Vale', ""Janice's Girlfriend #2"", 'Parole Officer', ""Jimmy's Date"", 'Liquor Cop #1', 'Henry Hill', ""Joe Buddha's Wife"", ""Henry's 70's Crew"", 'Marciano', 'Warehouse Worker', 'Mr. Tony Hood #2', 'Tony', 'Defense Attorney', 'Sonny Bunz', 'Frankie', 'Ruth Hill at 11 Years', 'Fellas Chauffer', 'Hijacked Driver', 'Kid', 'Judy Hill at 10 Years', 'Dr. Dan', 'City Detective #1', 'Florida Bookie', 'Courtroom Defendant', 'Young Wiseguy', 'Edward McDonald', ""Young Henry's Older Brother"", 'James Conway', 'Morris Kessler', ""Janice's Girlfriend #1"", 'Marie #1', 'Waiter', 'Commuter', 'Judge - 1971', 'Woman in Bar', 'Mr. Tony Hood #1', 'Beach Club Waiter', 'Detective Silvestri', ""Batts' Crew #1"", 'Anthony', 'Michael Hill', 'Ronnie', 'Gambling Doorman', ""Johnny Roastbeef's Wife"", 'Henry Greeter #2', ""Henry's Father"", 'Joe Buddha', 'Young Henry', 'Truck Driver at Diner', 'Terrorized Waiter', 'Man at Table', 'Contruction Worker', 'Jakie Rabinowitz', '1956 Court Stenographer', 'Mrs. Carbone', 'Mailman', ""Frenchy's Wife"", 'Godfather at Table', ""Henry's Older Child - Judy"", 'Karen Hill', 'Tony Stacks', 'Detective Deacy', 'Lisa', 'Henny Youngman', 'Anthony Stabile', 'Young Tommy', ""Carbone's Girlfriend"", 'Vinnie', ""Jimmy's Son"", ""Cicero's '60s Crew"", 'Rosie', 'School Guard', 'Prison Inmate Sitting Behind Henry'}"
46,Deer Hunter,"{'Priest', 'Chinese Man', 'NVA Officer', 'Linda', 'Doctor', 'Sergeant', 'Michael', 'Embassy Guard', 'Chinese Bodyguard', ""Axel's Girl"", 'Steel Worker', 'Bandleader', 'Nick', 'Axel', ""Steven's Mother"", 'Bar Patron', 'Bar Girl', 'Stock Boy', 'Stan', 'Barman', 'Woman In Village', 'V.C. Guard', ""Linda's Father"", 'Chinese Man At Door', 'Chinese Referee', 'John', 'Self', 'Helen', 'Wedding Man', 'Red Head', 'Hospital Orderly', 'V.C. Referee', 'World War Veteran', 'Julien', 'Chinese Boss', 'Girl Checker', 'Angela', ""Stan's Girl"", 'US Embassy Guard', 'Cold Old Man', 'Bridesmaid', 'Nurse', 'Steven', 'Cab Driver', 'South Vietnamese Prisoner', 'Steelworker', 'Bingo Caller', 'Sad Looking Girl'}"
47,All Quiet on  the Western Front,"{'Young Soldier', 'Schoolboy', 'Poster Girl', 'Peter', 'Suzanne', 'Gérard Duval', 'Undetermined Secondary Role', 'Tjaden', ""Paul's Mother"", 'Charwoman', 'French Ambulance Driver', '2nd Medic Orderly', 'Ginger - the Cook', 'Paul', 'Student', 'Frau Bäumer - Silent Version Trailer only', 'French Girl', 'Herr Bäumer', 'Herr Meyer', 'Mueller', 'Minor Role', 'Albert', 'Sister Libertine', 'German Soldier', 'Behn', '1st Medic Orderly', 'Detering', 'Young Girl', 'Anna Bäumer', 'Assistant Cook', 'Kemmerich', 'Soldier', 'Himmelstoss', 'Bertinck', 'Frau Kemmerick', 'Mother of Hospital Patient', 'Leer', 'Joseph Hammacher', 'Kat', 'Kantorek', 'Westhus'}"
48,Bonnie and Clyde,"{'Policeman', 'Buck Barrow', 'Bonnies Nephew at Picnic', ""Bonnie's Uncle"", 'Bank Teller', 'Bank Guard', 'Bonnie Parker', 'Police Officer', 'Sheriff Smoot', 'Bank Customer', 'Billy', 'C.W. Moss', 'Deputy', ""Bonnie's Aunt"", 'Boy at Bank', 'Blanche', 'Eugene Grizzard', 'Ivan Moss', 'Grocery Store Owner', ""Bonnie's Mother"", 'Velma Davis', ""Bonnie's Sister"", 'Frank Hamer', 'Clyde Barrow'}"
49,French Connection,"{'Tollbooth Collector', 'Hotel Guest', 'Motorman', 'Angie Boca', 'Man', 'Woman with Baby Carriage', 'Auctioneer', 'Police Mechanic', 'Woman at Airport', 'Buddy Russo', 'Street Thief Leader', 'Auction Bidder', 'Klein', 'Mutchie', 'The Three Degrees', 'Hooker on the Street', 'Uncredited', 'News Cameraman', 'Schoolgirl', 'Pierre Nicoli', 'Little Boy', 'Informant', 'Marie Charnier', 'Chemist', 'Mulderig', 'Weinstock', ""Mobster's Redhead Wife"", 'Bicycle Girl', 'Jimmy Doyle', 'Lou Boca', 'La Valle', 'Devereaux', 'Alain Charnier', 'Bidder at New York Car Auction', 'Simonson', 'Pusher', 'Baldy - Bar Patron in Drug Raid', 'Sal Boca', 'Police Sergeant', 'Dock Worker'}"
50,City Lights,"{'Woman at Left of Table in Restaurant', 'An Eccentric Millionaire', 'Burglar', 'Doctor', 'Boxing Fight Referee', 'Second', 'Young Man', 'A Prizefighter', 'Police Officer', 'Bald Party Guest', 'Superstitious Boxer', 'Woman at Center of Table in Restaurant', 'Eddie Mason - Boxer', ""Street Sweepers' Foreman"", 'Tramp Who Dives for Cigar', 'Nightclub Patron', 'A Tramp', 'Newsboy', 'Man in Restaurant', 'Tall Man at Party', 'Dancer', 'Victorious Boxer - Later Knocked Out', 'Mayor', 'Diner in Restaurant', 'Man Who Throws Away Cigar', 'A Blind Girl', 'Boxer', 'Cop', 'Boxing Match Spectator', 'Man in Mix-Up with Coat and Hat', 'Street Sweeper', ""James - the Millionaire's Butler"", 'Street Passerby', 'Man in Elevator in Front of the Art Shop', ""Blind Girl's Downstairs Neighbor"", 'Flower Shop Assistant', ""The Blind Girl's Grandmother"", 'Distinguished Gentleman in Cafe', 'Sculptor'}"
51,It Happened One Night,"{'Policeman', 'Little girl crying', 'Passenger on Second Bus', 'Minister at Wedding', ""Man Saying 'Your Bus Leaves in 5 Minutes'"", 'Zeke', 'Last Auto Camp Manager', 'Peter Warne', 'The Bag Thief', 'Ticket Buyer', 'Bus Dispatcher', 'Henderson', 'Bus Driver #2', 'Flower Girl', 'Best Man at Wedding', 'Vendor on Bus', 'Clark', 'Flagman at Railroad Crossing', 'Boy Bus Passenger', 'Mr. Dykes - Auto Camp Owner', 'Waiter at Wedding', 'Bus Driver #1', 'Mother on Bus', 'Alexander Andrews', 'Danker', 'Newsboy', 'Mexican Bus Passenger', 'Minor Role', 'Reporter', 'Tony', 'Butler', 'Gas Station Attendant', 'Drunk Reporter', ""Last Motel Manager's Wife"", 'Cook Serving Food to Passengers', 'Detective', 'Wedding Guest', 'Guitar Player on Bus', 'Ellie Andrews', 'Woman at Auto Camp', 'Bus Passenger', 'Oscar Shapeley', 'King Westley', 'Society Woman', ""Zeke's Wife"", ""Agnes - Gordon's Secretary"", 'Maid of Honor', 'Joe Gordon', 'Lovington'}"
52,A Place in the  Sun,"{'Policeman', 'Alice Tripp', 'Prisoner', 'Company Executive', 'Juror', 'Mrs. Ann Vickers', 'Waiter', 'Boatkeeper', 'Frances Brand', 'George Eastman', 'Truck Driver', 'Man', 'Courtroom Spectator', 'Judge R.S. Oldendorff', 'Bit Part', 'Bus Driver', 'Party Guest', 'Tom Tipton', 'Joe Parker', 'Guard', 'Miss Newton', 'William - Butler at Eastman Home', 'Louise Eastman', ""Margaret - Eastman's Secretary"", 'Eagle Scout', 'Deputy', 'Court Clerk', 'Factory Floorman', 'Jury Foreman', ""Vickers' Butler"", 'Radio Broadcaster', 'Drunk', 'Coroner', 'Bellows', 'Anthony Vickers', 'Marsha', 'Jailer', 'Det. Kelly', ""Servant at Eastman's Party"", 'Receptionist', 'Earl Eastman', 'Executive', 'Warden', 'Dr. Wyeland', 'Charles Eastman', 'Friend of Taylor', ""Lulu - Vickers' Maid"", 'Mrs. Roberts - Landlady', ""Art Jansen - George's Attorney"", 'Man Listing to Singing', 'Rev. Morrison', ""Eastmans' Maid"", 'Angela Vickers', 'Dist. Atty. R. Frank Marlowe', 'Courtroom Extra', 'Mr. Whiting', 'Miss Harper', 'Motorcycle Officer', 'Courtroom Reporter', 'Hannah Eastman', 'Factory Guard', 'Bailiff', 'Factory Worker - Prosecution Witness', 'Girl'}"
53,Midnight Cowboy,"{'Freaked-Out Lady - New York', 'Escort Service Man - New York', 'Girl at Party', 'Annie - Texas', 'St. Bernard Owner', 'Little Joe - Texas', 'Laundromat Lady - New York', 'TV Bishop - New York', 'The Party', 'Woodsy Niles - Texas', 'Gina', 'Vegetable Grocer - New York', ""Mr. O'Daniel"", 'Party Guest', 'Hat Shop Owner - New York', 'The Young Student - New York', 'Mother on the Bus - Texas', 'Rich Lady - New York', 'Man at Party', 'Old Cow-Hand - Texas', 'Pimp', 'Man at Lunch Counter', 'Sailor in Bar', 'Bus Driver - Florida', 'Hippie #3', 'Woman in TV Montage', 'The Old Lady - Texas', 'Gretel McAlbertson - The Party', 'Shirley', 'Man in TV Montage', 'Old Lady in Subway', 'Rapist in Flashback', 'Hotel Clerk - New York', 'Joe Buck', 'Jackie - New York', 'Towny', 'Ralph - Texas', 'Joe Pyne on TV Show', 'Sally Buck - Texas', 'The Waitress - Florida', 'Hippie in Coffee Shop', 'Homeless Man', 'Hansel McAlbertson - The Party', 'Bartender - New York', 'Bus Passenger', 'Cafeteria Manager - Texas', 'Dog Outside Warhol Party', 'Cass', 'Ratso', 'The Frantic Lady - New York'}"
54,Mr. Smith Goes to Washington,"{'Newspaperman with Pipe', 'Senator Holland', ""Paine's Secretary"", 'Hopper Boy', 'Governor Hopper', 'Man in Press Section of Senate Gallery', 'Rabbi', 'Third Radio Speaker', 'Mrs. McGann', 'Diz Moore', 'Senate Reporter', 'Senator', 'Newspaper employee', 'Minor Role', 'Angry committee member', 'Hoodlum', 'Senate Chaplain', 'First Radio Announcer', 'Reporter', 'Susan Paine', 'Nun with Cheering Orphan Boys', 'Butler', 'Handwriting Expert', 'Family Man', 'Committeewoman', 'Flood - Newsman', 'Hat Salesman', 'Senator Joseph Paine', 'Senator Dwight', 'Sweeney Farrell - Newsman', 'Schultz - Newsman', ""Hopper's Secretary"", 'Boy Ranger', 'Man in Senate Building', 'Saunders', 'Senator Hammett', 'Woman at Station', 'Jane Hopper', 'Jim Taylor', 'Nosey', 'Senator Ashman', 'House Boy', 'Francis Scott Key', 'Chief Clerk', 'Mr. Edwards - Howling Citizen', 'Editor', 'Announcer', 'Senator Manchester', 'Kenneth Allen', 'Senator Monroe', 'Senator Alfred', 'Senator Dearhorn', 'Senator Carlisle', 'Photographer', 'Pageboy Richard Jones', 'H.V. Kaltenborn', 'Porter', 'Lang', 'Senator Fernwick', 'Arthur Kim', 'Cab Driver', 'Mrs. Taylor', 'Senator Pickett', 'Hendricks', 'Hopper Girl', 'Senator Fuller', 'Senator Grainger', 'Chorus Member', 'Foreign Diplomat', 'Second Radio Announcer', 'Assistant Bartender', 'Speaker', 'Summers - newsman', 'Townsend', 'Senator in final scene', 'Senator Albert', 'Woman', 'Senate Minority Leader', 'Senator Lancaster', 'Senator Burdette', 'Boy Cheering for Smith in Meeting', 'Pompous Man', 'Mrs. Edwards', 'Mrs. Hopper', 'Otis Hopper', 'Soapbox Speaker', 'Senator Carlton', 'Senator Hodges', ""Taylor's Stooge"", 'Ma Smith', 'Chick McGann', 'Senate Majority Leader', 'Head Sister', 'Secretary', ""Reporter Asking 'What Do You Think of the Girls in This Town?'"", 'Shoe Salesman', 'Committeeman', 'Waiter', ""Inventor at Smith's Office Door"", 'Ragner - Newsman', ""Hopper's Butler"", 'Senator MacPherson', 'Bill Griffith', 'Jefferson Smith', 'Senator Byron', 'Civil War Veteran at Lincoln Memorial', ""Paine's Friend"", 'Senate Clerk', 'Carl Cook', 'Doorman', 'Black Committeeman', 'Senate Guard', 'Diggs - Newsman', 'President of the Senate', 'Bodyguard', 'Undetermined Role', 'Fisk', 'Barber', 'Senator Gower', 'Senator Atwater'}"
55,Rain Man,"{'Guard in Video Room', 'Boy at Pancake Counter', 'Sandra', 'Amarillo Hotel Owner', 'Man in Waiting Room', 'Doctor', 'Floorman', 'Pit Boss', 'Police Officer at Accident', 'Charlie Babbitt', 'Restaurant Patron', 'Train Conductor', 'Man pushing wheelchair', 'Dr. Bruner', 'Autistic Pianist', 'Car Driver', 'Farm House Kid', 'Airport Security Guard', 'Wallbrook Patient Entering TV Room', 'Iris', 'Irate Driver', 'BlackJack Dealer', 'Blackjack Dealer', 'Mr. Kelso', 'Sally Dibbs', 'Small Town Doctor', 'Man on Wallbrook Road', 'Raymond Babbitt', 'Lady at Blackjack Table', 'John Mooney', ""Dr. Bruner's Secretary"", 'Shift Boss', 'Susanna', 'Vern', 'Lenny', 'Las Vegas Crooner', 'Mother at Farm House', 'Woman at Pancake Counter', 'Minister at Funeral', 'Nurse', 'Bank Officer'}"
56,Annie Hall,"{'Alvy Singer', 'Blonde Woman in Bookstore', 'Man #1 Outside Theatre', 'Pam', 'Navy Officer', 'Actor Boy Friend', 'Doctor', 'Maharishi', 'Peter', ""Tony Lacey's Girlfriend"", 'Nightclub Customer', 'Street Stranger', 'Comedian at Rally', 'Actor in Rehearsal', 'Mom Hall', 'Ticket Seller at Theatre', 'Actress in Rehearsal', 'Comic', 'Man at Health Food Restaurant', ""Alvy's Aunt"", 'Marshall McLuhan', 'Truman Capote', 'Restaurant Patron', 'Duane Hall', ""Comic's Agent"", ""Alvy's Classmate"", 'Allison', 'Aunt Tessie', ""Alvy's Psychiatrist"", 'Waiter #2 at Nightclub', 'Tony Lacey', 'Rob', 'Rehearsal Stage Manager', 'Waitress at Health Food Restaurant', 'Usher', 'School Teacher', 'Waiter #1 at Nightclub', ""Alvy's Date Outside Theatre"", 'Annie Hall', 'Joey Nichols', 'Lacey Party Guest', ""Annie's Date Outside Theatre"", 'Coke Fiend', 'College Audience', 'Miss Reed', ""Annie's Psychiatrist"", ""Alvy's Uncle"", 'Hotel Doctor', 'Truman Capote Look-Alike', 'Janet', ""Alvy's Dad"", 'Man #2 Outside Theatre', 'L.A. Policeman', ""Tony's Date at Nightclub"", ""Actor in Rob's T.V. Show"", 'Rehearsal Director', ""Alvy's Mom"", 'Grammy Hall', 'Robin', 'Alvy - Age 9', 'Dad Hall', 'Dick Cavett', 'Man in Theatre Line', ""Actress in Rob's T.V. Show"", 'Dorrie'}"
57,Fargo,{'Self - Host'}
58,Giant,"{'Judy Benedict II - As an Infant', 'Bartender', 'Mexican Priest', 'Dr. Guerra', 'Adarene Clinch', 'Minor Role', 'Jett Rink - Giving Banquet Speech', 'Judy Benedict - Age 4', 'Busboy', 'Security Guard', 'Old Man', 'Square Dancer', 'Angel Obregón II', 'Mrs. Nancy Lynnton', 'Clay Hodgins Sr.', 'Bale Clinch', 'Dr. Walker', 'Lacey Lynnton', 'Leslie Benedict', 'Mrs. Obregón', 'Angel Obregón - Age 5', 'Essie Lou Hodgins', 'Gabe Target', 'Judge Oliver Whiteside', 'Clay Hodgins, Jr.', 'Vern Decker', ""Governor North's Wife"", 'Vashti Snythe', 'General', ""Governor's Ball Guest on Dais"", 'Bellboy', 'Guest', 'Juana Guerra Benedict', ""Mort 'Pinky' Snythe"", 'Jordan Benedict III - Age 4', ""'Bob' Dace"", 'Jordan Benedict III - As an Infant', 'Young Woman', 'Angel Obregón Sr.', 'Luz Benedict II', 'Jefferson Swazey', 'Truck Driver in Diner', 'Lona Lane', 'Dr. Borneholm', 'Jett Rink', 'Harper', 'Eusebio', 'War Winds the Horse', 'Judy Benedict - As an Infant', ""Guard at Governor's Ball"", 'Old Polo', 'Uncle Bawley', 'Older Beauty Operator', 'Lupe', 'Assistant Manager', 'Toastmaster', ""Governor's Ball Guest"", 'Sarge', 'Sir David Karfrey', ""General's Wife"", 'Young Beauty Operator', 'Minister', 'Dr. Horace Lynnton', 'Judy Benedict', 'Waiter', 'Mary Lou Decker', 'Driver', 'Watts', 'Party Guest', ""Waitress at Sarge's"", ""Vashti's Daughter"", 'Guard', 'Jordan Benedict III', 'Governor North', 'Jordan Benedict IV - As an Infant', ""Jordan 'Bick' Benedict Jr."", ""Guest at Jett Rink's Banquet"", 'Angel Obregón II - As an Infant', 'Luz Benedict II - As an Infant', 'Gómez', 'Judy Benedict II - Age 2', 'Wedding Guest', 'Luz Benedict', 'Jordan Benedict IV - as an Infant', 'Petra', 'Luz Benedict II - Age 2'}"
59,Shane,"{'Fred Lewis', 'Mrs. Liz Torrey', 'Ryker Man', 'Homesteader Boy', 'Homesteader', 'Mrs. Shipstead', 'Yank Potts', 'Will Atkey - Bartender', 'Martha Lewis', 'Sam Grafton', 'Morgan Ryker', 'Joey Starrett', 'Rufus Ryker', 'Joe Starrett', 'Jack Wilson', 'Ruth Lewis', ""Axel 'Swede' Shipstead"", 'Marian Starrett', 'Clerk', 'Stonewall Torrey', 'Susan Lewis', 'Ernie Wright', 'Little Boy', 'Lewis Child', 'Mrs. Howells', 'Shane', 'Axel Johnson - Homesteader', 'Chris Calloway', 'Little Girl', 'Ed Howells', 'Knock Him Into That Pigpen, Chris!'}"
60,Grapes of Wrath,"{'Floyd', 'Noah Joad', 'Connie Rivers', 'Boy Who Bragged of Eating Chicken', 'Gang Leader', 'Al Joad', 'Gas Station Attendant #1 in Needles', 'Caretaker', 'Truck Driver', 'Waitress', 'Keene Ranch Guard', 'Uncle John Joad', 'City Man', 'Girl in Migrant Camp', 'Deputy Handcuffing Casy', 'Guard', 'Frank', ""Muley's Wife"", 'Ruthie Joad', 'Bert', 'Deputy', 'Woman in Camp', 'Jule - Bouncer at Dance', 'Winfield Joad', 'Joe', 'Bill', 'Hungry Boy', 'Tom Joad', 'New Mexico Border Guard', 'Square-Dance Caller', 'Grandma Joad', 'Roadblock Leader', 'Needles Policeman', 'Bookseller', 'Clerk', 'Chef', 'Woman Who Gets Shot', 'Gas Station Attendant in Bakersfield', 'Fred', 'Woman', 'Spencer', 'Boy', 'Motorcycle Cop', 'Gas Station Attendant', 'Wilkie', 'Davis', 'Inspection Officer', ""Muley's Son"", 'Arkansas Storekeeper', 'Cop', 'Gas Station Attendant #2 in Needles', 'Hungry Girl', 'Proprietor', 'Fake Hiring Agent', 'Rosasharn Rivers', 'Buck Jackson - Witness at Dance', 'Thomas', 'Camp Helper', 'Ma Joad', 'Tim', 'Pa Joad', 'Mae', 'State Policeman', 'Keene Ranch Foreman', 'Father', 'Muley Bates', 'Migrant', 'Deputy with Shotgun', 'Man in Camp', 'Jim Casy', 'Deputy #1', 'Poor Man Walking with Woman in Transient Camp', 'Grandpa Joad', 'Troublemaker'}"
61,Green Mile,"{'Percy Wetmore', 'Harry Terwilliger', 'Tower Guard', 'Prisoner', 'Arlen Bitterbuck', 'John Coffey', ""John's Servant"", 'Banker Posse Member', 'Police Photographer', 'Klaus Detterick', 'Melinda Moores', 'Eduard Delacroix', 'Police Officer', 'Orderly Hector', 'Marjorie Detterick', 'Jan Edgecomb', 'Kathe Detterick', 'Warden Hal Moores', 'Cynthia Hammersmith', 'Man in Nursing Home', 'Dean Stanton', 'Prison Guard', 'Bill Dodge', ""Actress in 'Top Hat'"", ""Husband at Del's Execution"", 'Lady in Nursing Home', ""Hammersmith's Daughter"", ""actor in 'Top Hat'"", ""'Wild Bill' Wharton"", 'Howie Detterick', 'Mourner', ""Brutus 'Brutal' Howell"", 'Earl the Plumber', 'Cora Detterick', ""Bitterbuck's Daughter"", 'Posse Member', 'Sheriff McGee', 'Paul Edgecomb', 'Reverend at Funeral', 'Elaine Connelly', 'Burt Hammersmith', ""Hammersmith's Son"", 'Jack Van Hay', 'Toot-Toot', 'Old Paul Edgecomb', 'Inmate', ""Wife at Del's Execution"", 'Coffee Execution Witness', ""Woman at Del's Execution"", 'Member of the Posse', 'Prison Minister'}"
62,Close Encounters of the Third Kind,"{'Farmer', 'Helicopter Pilot', 'ARP Musician', 'Brad Neary', 'Highway Patrolman', 'Load Dispatcher', 'Air Traffic Controller', 'Air Traffic', 'Ike', 'Toby Neary', 'Team Leader', 'Implantee', 'Major Benchley', 'ARP Project Member', 'Returnee #1 Flt. 19', 'Mexican Federale', 'Self - Smoking Pipe at Landing Site', 'Federale', 'Project Leader', 'Larry Butler', 'Jean Claude', 'Ronnie Neary', 'Returnee #2 Flt. 19', 'Sunburned Old Man', 'Dirty Tricks #4', 'Truck Dispatcher', 'Longly', 'Robert', 'UFO watcher at Crescendo Summit', 'Jillian Guiler', 'Returnee #3 Flt. 19', 'Wild Bill', 'Agent', 'Scientist', 'Self', 'Special Forces Hazmat Soldier', 'Ohio Tolls', 'Receptionist', 'Dirty Tricks #1', 'Roy Neary', 'Barry Guiler', 'Mrs. Harris', 'Military Police', 'Special Forces', 'Claude Lacombe', 'David Laughlin', 'Dirty Tricks #3', 'Special Forces Commander', 'Extra', 'Hawker', 'Howard K. Smith', 'Support Leader', 'Radio Telescope Team', 'Special Forces Soldier', 'Silvia Neary', 'Air East Pilot', 'UN Observer', 'Dirty Tricks #2', 'Alien', 'Speaking Child'}"
63,Nashville,"{'Det. Olshevsky', 'Abby the Spoon Lady', 'Client #3'}"
64,Network,"{'Herb Thackeray', 'TV Stage Manager', ""Hunter's Secretary"", 'Barbara Schlesinger', 'TV Director', 'Lou', 'Cameraman', 'Joe Donnelly', 'Mary Ann Gifford', 'Window Person', 'Howard Beale', 'Man at Desk', 'Arthur Jensen', 'Milton K. Steinman', 'Willie Stein', ""TV Anchor Reporting Beale's Suicide Threat"", 'Helen Miggs', 'Merrill Grant', 'Caroline Schumacher', 'Frank Hackett', 'TV Associate Director', 'Agent', 'Nelson Chaney', 'Walter C. Amundsen', 'Sam Haywood', 'Self', 'Tommy Pellegrino', 'Robert McDonough', 'Max Schumacher', 'Announcer', 'Louise Schumacher', 'Reporter', 'Jack Snowden', 'George Bosch', 'TV Production Assistant', 'Giannini', 'Narrator', ""Network Lawyer at Khan's Place"", 'Mosaic Figure', 'Edward George Ruddy', 'Bill Herron', 'Harry Hunter', 'Audio Man', 'TV Technical Director', 'Laureen Hobbs', 'Diana Christensen', 'Great Ahmed Kahn', ""Max's Secretary"", 'Arthur Zangwill', 'Associate Producer'}"
65,Graduate,"{'Hotel Guest', 'Boarding House Resident', 'Mr. Singleman', 'Waiter', 'Night Club Stripper', 'Church Member', 'Guest at Welcoming Party', 'Mr. Braddock', 'Room Clerk', 'Girl with Note for Benjamin', 'Party Guest', 'Bellhop in Hotel Lobby', 'Mrs. Carlson - Party Guest', 'The Newlywed Game Host', 'The Minister', 'Man on Bus', 'Birthday Party Guest in Yellow Shirt', 'Carter - Showering Fraternity Brother', 'Mrs. Robinson', 'Mrs. Singleman', 'Elaine Robinson', 'Mr. Loomis - Party Guest', 'Jeffrey Singleton', 'Mrs. Braddock', 'Woman on Bus', 'Mr. Carlson', 'Mr. McCleery', 'Carl Smith', 'Gas Station Attendant', 'Miss DeWitte', 'Valet Parker', 'Ben Braddock', 'Wedding Guest', 'College Student', 'Shaving Fraternity Brother', 'Bus Passenger', 'Mr. McGuire', 'Mr. Robinson'}"
66,American Graffiti,"{'Peg', 'Kip', 'Debbie', 'Steve', 'Terry', 'Bozo', 'Thief', 'Mr. Gordon', 'Curt', 'Ants', 'Holstein', 'Mooner', 'Girl in Dodge', 'Disc Jockey', 'Bob Falfa', 'Boy In Car', ""Falfa's Girl"", 'Sleeping Police Officer', 'Eddie', 'Kid at Accident', 'Student', 'Joe', 'Carol', 'Al', 'Old Woman', 'Man at Accident', 'Car Salesman', 'John', 'Hank', 'Announcer at Dance', 'Vic', 'Budda', 'Mr. Wolfe', 'Balloon Girl', 'Laurie', 'Girl in Studebaker', 'Bum at Liquor Store', 'Carlos', 'Clerk at Liquor Store', 'Carhop', 'Man at Bar', 'Man at Liquor Store', 'Mr. Kroot', 'Girl at Dance', 'Bobbie', 'Jane', 'Herby & the Heartbeats', 'Judy', 'Dale', 'Blonde in T-Bird', 'Old Man', 'Ferber', 'Station Attendant', 'Wendy', 'Badass #1', 'Jeff', 'Girl'}"
67,Pulp Fiction,"{'Buddy Holly', 'Esmarelda Villalobos', 'Captain Koons', 'Sportscaster #1', 'Kathy Griffin', 'Fourth Man', 'Zed', 'Dancing Man', 'Mia Wallace', 'Maynard', 'Waitress', 'The Gimp', 'Marsellus Wallace', 'Diner Patron #2', 'Dean Martin', 'Pedestrian', 'Gawker #1', 'Woman in Bathroom', 'Fabienne', 'James Dean', 'Butch Coolidge', 'Sportscaster #2', 'Raquel', 'Marvin', 'Paul', 'Brett', 'Marilyn Monroe', 'Bar Tender', 'Ed Sullivan', 'Jimmie', 'Phillip Morris Page', 'Hopalong Cassidy', ""Butch's Mother"", 'Mamie Van Doren', 'The Wolf', 'Jules Winnfield', 'Honey Bunny', 'Young Boy', 'Long Hair Yuppie-Scum', 'Coffee Shop', 'Jody', 'Lance', ""'Hold Hands You Love Birds'"", 'Klondike', 'Pumpkin', 'Drug Dealer', 'Dead Floyd Wilson', 'Roger', 'Ricky Nelson', 'Shot Lady', 'Vincent Vega', ""Winston Wolfe's Girlfriend at Party"", 'Young Butch', ""Wilson's Trainer"", 'Dowager at Bar', 'Lucky Lady', 'Trudi', 'Jerry Lewis'}"
68,Terms of Endearment,"{'Moving Man', 'Aurora Greenway', 'Doctor', 'Lizbeth', 'Vernon Dahlart', 'Rudyard', ""Flap's Secretary"", 'Emma Horton', 'Teddy Horton', 'Flap Horton', 'Lee Anne', 'Patsy Clark', 'Mrs. Johnson', 'Meg', 'Janice', 'Woman at Party', 'Doris', 'Checkout Girl', 'Melanie Horton', 'Tommy Horton', 'Phil', 'Dr. Budge', 'Woman', 'Dr. Ratcher', 'Dr. Maise', 'Hospital Patient', 'Sam Burns', 'T.J.', 'Victoria', 'Rosie Dunlop', 'Jack Stern', 'Edward Johnson', 'Jane', 'College Student', 'Young Emma', 'Younger Tommy Horton', 'Baby Melanie', 'Garrett Breedlove', ""Patsy's Mother"", ""Rudyard's Employer"", 'Nurse', 'Elaine McGown'}"
69,Good Will Hunting,"{'Assistant Custodian', 'Chess Game Player', 'Waiter', 'Bystander', 'M.I.T. Student', 'Harvard Square Resident', 'Clark', 'Court Officer', 'Girl on Street', 'M.I.T. Professor', 'Party Guest', 'Sean', 'Hervé', 'Courtroom Guard', 'Head Custodian', 'Billy', 'Student', 'Race Track Patron', 'Barbershop Quartet #4', 'Executive #3', 'Harvard Square Extra', 'Skylar', 'Harvard Student', 'Recuiter', 'Executive #1', 'Cathy', '2nd NSA Agent', 'Executive #2', 'NSA Agent', 'Prosecutor', 'Reception Attendant', 'Lydia', 'Bunker Hill College Student', 'Security Guard', 'Judge Malone', 'Barbershop Quartet #1', 'Will', 'Tom', 'Psychologist', 'Carmine Scarpaglia', 'M.I.T. Alum', 'Barbershop Quartet #2', 'Krystyn', 'Hypnotist', 'Toy Store Cashier', 'Barbershop Quartet #3', 'Reunion Guest', 'Morgan', 'Timmy', 'Chuckie', 'Lambeau', 'Carmine Friend #1'}"
70,African Queen,"{'First Officer of Shona', 'Undetermined Role', 'German Officer', 'German Sergeant Major at Kungdu', 'Charlie Allnutt', 'The Brother', 'Second Officer of Shona', 'Petty Officer', 'Rose Sayer', 'First Officer', 'African Sergeant', 'Captain of Louisa', 'Rev. Samuel Sayer', 'Second Officer'}"
71,Stagecoach,"{'Telegraph Operator', 'Townsman', 'Bit', 'Rancher', ""Boone's Landlady"", 'Hank Plummer', 'Sergeant', 'Chris', 'Bartender', 'Capt. Sickel', 'Girl in Saloon', 'Ellsworth Henry Gatewood', 'Bit Part', 'Barfly', 'Lordsburg Saloon Owner', 'Marshal Curley Wilcox', 'Dallas', 'Mrs. Gatewood', 'Lordsburg Townsman', 'Yakima', 'Indian Chief', ""Lucy's Infant"", 'Cavalry Scout', 'Pony Express Agent', 'Buck', 'Ringo Kid', 'Lordsburg Express Agent', 'Capt. Simmons', 'Samuel Peacock', 'Hatfield', 'Jim - Tonto Express Agent', 'Mrs. Lucy Mallory', 'Ed - Editor', 'Mrs. Nancy Whitney', 'Cavalryman', 'Luke Plummer', 'Mrs. Pickett', 'Small Role', 'Sgt. Billy Pickett', 'Capt. Whitney', 'Lordsburg Bar Patron', 'Lt. Blanchard', 'Tonto Sheriff', 'Deputy Frank', 'Ogler', 'Billy Pickett Jr', 'Ike Plummer', 'Indian Attacking Stagecoach', 'Doc Josiah Boone', 'Indian Scout', 'Lordsburg Sheriff', 'Townswoman', 'Jerry - Tonto Bartender'}"
72,Double Indemnity,"{'Pullman Porter', 'Lola Dietrichson', 'Sam Gorlopis', 'Phyllis Dietrichson', 'Lou Schwartz', 'Shopper in Market', 'Man', 'Mr. Norton', 'Bit Part', 'Pacific All-Risk Telephone Operator', 'Train Conductor', 'Stage Hand', ""Nettie - Dietrichsons' Maid"", 'Pullman Conductor', ""Norton's Secretary"", 'Man in Drug Store', 'Conductor', ""Man Reading Magazine Outside Keyes' Office"", 'Joe Pete', ""Keyes' Secretary"", 'Mr. Jackson', 'Nino Zachetti', 'Redcap', 'Train Passenger at Station', 'Mr. Dietrichson', 'Walter Neff', 'Barton Keyes', 'Charlie - Garage Attendant'}"
73,Wuring Heights,"{'Gypsy Horse Trader', 'Mr. Earnshaw', 'Young Heathcliff', 'Joseph', 'Town Girl', 'Doctor Kenneth', 'Hindley', 'Linton', 'Robert', 'Heathcliff', 'Nelly', 'Cathy', 'Hareton', 'Shepherd Lad', 'Young Cathy', 'Isabella', 'Frances', 'Edgar', 'Saul', 'Young Hindley', 'Catherine', 'Vicar'}"
74,Taxi Driver,"{'Tall Secret Service Man', ""Tom's Assistant"", 'Campaign Worker', 'Charlie T.', 'Andy, Gun Salesman', 'Melio', 'Passenger Watching Silhouette', 'The John', 'Cab Passenger', 'Police Officer', 'Concession Girl', 'Secret Service Photographer', ""Iris' Friend"", 'Movie House Patron', 'Soap Opera Woman', 'Stuntman', 'CIA Agent', 'Clerk at Sam Goody Store', 'Charles Palantine', 'Hooker in Cab', 'Wizard', 'Iris', 'Angry Hooker on Street', 'Travis Bickle', 'T.V. Interviewer', 'Friend of Iris', '2nd Boy on sidewalk', ""Iris' Time Keeper"", 'Palantine Aide', 'Sport', 'Mafioso', ""Iris' Mother"", 'Cabbie in Bellmore', 'Betsy', 'Stick-Up Man', 'Street Drummer', 'Personnel Officer', ""Iris' Father"", 'Political Rally Attendee', 'Tom', 'Girl at Columbus Circle', 'Boy on Sidewalk', 'Dispatcher', 'Doughboy', 'Campaign Aide', 'Soap Opera Man', 'Angry Black Man', 'Policeman at Rally'}"
75,Rear Window,"{'Sunbather', 'Policeman', 'Man with Miss Lonelyhearts', 'Det. Lt. Thomas J. Doyle', ""Girl at Songwriter's Party"", 'Choreographer with Miss Torso', 'Miss Lonelyhearts', ""Songwriter's Clock-Winder"", 'Woman with Bird', 'Minor Role', ""Jeff's Editor"", 'Miss Torso', 'Lisa Carol Fremont', 'Man on Fire Escape', 'Newlywed', 'Dancer with Miss Torso', 'Carl', 'Detective', 'Man with Miss Torso', 'Mrs. Emma Thorwald', 'Radio Announcer', 'Songwriter', 'Stella', 'Lars Thorwald', ""L.B. 'Jeff' Jefferies"", 'Woman on Fire Escape', 'Miss Hearing Aid', ""Newlyweds' Landlord"", ""Songwriter's Party Guest with Poodle"", 'Ice Man'}"
76,Third Man,"{'Casanova Barman', 'International Patrol A', 'Holly Martins', 'Waiter', 'Crabbin', 'Sgt. Paine', 'International Patrol D', 'Taxi Driver', 'Josefstadt Theatre Actress', 'Stripper at club', ""Porter's Wife"", ""Kurtz's Mother"", 'Headwaiter', 'Opening Narrator - UK Version', 'British Military Policeman in Sewer Chase', ""Karl - Harry's Porter"", 'American Military Policeman at Railroad Station', 'Military Policeman', 'Man Chasing Holly', ""Barman at Sacher's"", 'Man in Racetrack Bar', ""Waiter at Smolka's"", 'Actor at Josefstadt Theater', 'Anna Schmidt', 'Minor Role', ""Col. O'Sullivan"", 'Maj. Calloway', 'Little Hansel - Boy with Ball', ""'Baron' Kurtz"", ""Hansel's Father"", 'Harry Lime', 'Guest at Casanova Bar', 'Russian Military Policeman', 'Popescu', 'Col. Brodsky - Russian Liaison Officer', 'British Military Policeman', 'International Patrol C', 'Dr. Winkel', ""Anna's Old Landlady"", 'Man on Street', 'Hartman - Hall Porter at Hotel Sacher', 'Visitor at Literature Club', 'International Patrol B', 'Nurse', 'Actress at Josefstadt Theater', ""Hilde - Winkel's Maid"", 'Soldier'}"
77,Rebel Without a Cause,"{""Mrs. Stark - Jim's Grandmother"", 'Old Lady Teacher', 'Buzz Gunderson', 'Officer', ""Judy's Mother"", 'Monitor Admonishing Plato', 'Ambulance Attendant', 'Frank Stark', 'Approaching Officer', 'Man in Last Shot', 'Police Officer', 'Harry', 'Beau', 'Planetarium Guide', 'Desk Sergeant #2', ""John 'Plato' Crawford"", 'Teacher', 'Police Desk Sergeant', 'Crunch', 'Cookie', 'Ray Fremick', 'Dr. Minton', ""Ed - Moose's Father"", 'Minor Role', 'Hoodlum', 'Helen', 'Mrs. Carol Stark', 'Little Boy', 'Crawford Family Maid', 'Moose', 'Attendant', 'Mil', 'Goon', 'Judy', 'Police Detective', 'Chick', 'Policewoman', 'Officer at Police Station', 'Nurse', 'Desk Sergeant #1', 'Schoolboy in Planetarium', 'Gene', ""Crunch's Father"", 'Police Chief', 'Cliff', 'Jim Stark', ""Judy's Father"", 'Girl'}"
78,North by Northwest,"{'Bystander', 'Bidder', 'Shaving Man', 'Police Officer on Horse', 'Auctioneer', 'Bit Part', 'Conductor on Twentieth Century, Ltd.', 'The Professor', 'Man at United Nations Building', 'Man at Auction Guest', 'Policeman at Grand Central Station', 'Minor Role', 'Patrolman Waggoner', 'Bald Bidder', 'Train Passenger', 'Stockbroker', 'Phillip Vandamm', 'Maggie', 'Lieutenant Harding', 'Taxi Driver #1', 'Friendly Passenger', 'Hotel Lounge Patron', 'Elsie', 'Hotel Clerk', 'Auction Attendant', 'Farmer', 'Victor Larrabee', 'Judge Anson Flynn', 'Taxi Driver', 'Captain Junket', 'Woman on Train', 'Silent State Police Detective', 'Mrs. Finlay', 'Cropduster Pilot', 'Security Guard at Auction', 'Man Who Misses Bus', 'Train Steward', 'Herman Weitner', 'Attendant', 'Man Opening Door for Thornhill', 'Porter on Twentieth Century Ltd.', 'Assistant Conductor', 'Second United Nations Receptionist', 'Fanning Nelson', 'Dr. Cross', 'Cab Driver', 'Auction Guest', 'State Police Detective', 'Woman at United Nations Building', 'Man with Camera', 'Man in Phone Booth', 'Ticket Seller', 'Lester Townsend', 'Eddie', 'Valerian', 'Leonard', 'Taxi Driver #2', 'Assistant Auctioneer', 'Man Leaving Office Building', 'Licht', 'Charley', 'Woman', 'Worker', 'U.S. Intelligence Agency Official', 'Eve Kendall', 'Bellhop', 'Photographer at United Nations', 'Clara Thornhill', 'Ranger', 'Roger Thornhill', 'Waiter', 'Tall man in crowd', 'Sergeant Emile Klinger', 'Anna', 'Man at Prairie Crossing', 'Courtroom Spectator', 'Mrs. Townsend', 'Police Officer in Chicago', 'Plaza Valet', 'Man at Mt. Rushmore Cafeteria', 'Larry Wade', 'Lieutenant Hagerman', 'First United Nations Receptionist', 'Sergeant Flamm', 'Hospital Patient', 'Woman at Auction', 'Police Lieutenant', 'Victor', 'Man in Plaza Bar'}"
79,Yankee Doodle Dandy,"{""Horse Race Announcer - 'Little Johnny Jones' Number"", 'Fay Templeton', 'Colony Opera House Stagehand', 'Actor in Play', 'The President', 'Sister Act', 'Judge in Musical Number', 'Albee', 'Pianist', ""Dietz and Goff's Receptionst"", 'Theatre Patron', 'Critic #2', 'Reporter', 'Teenager', ""Schults - Grocer in 'Peck's Bad Boy'"", 'Josie Cohan - As a Girl of 12', 'Housekeeper', 'Recruit', 'George M. Cohan', 'Erlanger', 'Sergeant on Parade - Last Scene', ""Friendly Man at Restaurant Window on New Year's Eve"", 'Motorist', 'Dressing Room Guest', ""Man Entering Cohan's Dressing Room"", 'Nurse', ""Stage Manager - 'Peck's Bad Boy'"", 'Soldier', 'Doctor', 'Josie Cohan', 'Madame Bartholdi', 'Theatre Manager', 'Josie Cohan - Age 6', 'Actor - Railroad Station', 'New York Stage Manager', 'Medical Officer', ""Peck's Bad Boy Stagehand"", 'Horse Race Official', ""Backstage Actor - 'Peck's Bad Boy'"", 'Wiseguy', 'Dancer', 'Actor', ""Chorus Girl - 'Little Johnny Jones' Number"", 'Receptionist', 'Dr. Llewellyn', 'Sally', 'Porter', 'Boarder', 'Army Recruiter Examiner', 'Soubrette', 'Pedestrian Seeking Newspaper', 'Jerry Cohan', 'Audience Member', 'Union Army Veteran #1 on Caisson', 'George M. Cohan - As a Boy of 13', 'Actress', 'Nellie Cohan', 'Baritone Solo - Grand Old Flag Number', 'Choirboy', 'Dietz', 'Singer - Nora', 'Goff', 'Franklin D. Roosevelt', 'Magician', 'Newsboy', 'Colony Opera House Doorman', 'Betsy Ross', 'Hotel Clerk #1', 'Streetcleaner', 'White House Butler', 'Mary', ""George M. Cohan's Valet"", 'Sgt. Lewis - White House Guard', 'George M. Cohan at 7', 'Schwab', 'Stagehand', 'Eddie Foy', 'The Pippirino', ""Stage Manager, 'Peck's Bad Boy'"", 'Recruiting Major', 'Telegraph Operator', 'Dr. Anderson', ""Woman Entering Cohan's Dressing Room"", 'Waiter', ""Theodore 'Teddy' Roosevelt"", 'Critic #1', ""O'Rourke's Varieties Stagehand"", 'Pedestrian', 'New York Stage Doorman', 'Passerby on Sidewalk', ""Wilson - 'Little Johnny Jones' Number"", 'Sam Harris', 'Call Boy', 'Hotel Clerk #2', 'Maurice Ruppe - Music Publisher', 'Jockey', 'Robinsons Theater Stagehand', 'Young Girl', ""Irish Cop in 'Peck's Bad Boy'"", 'Singer', 'Army Clerk', 'Fanny', 'Army Recruiter', 'Star Boarder', 'Colony Opera House Stage Manager', 'Union Army Veteran #2 on Caisson'}"
